序号,批次,文件,测试类,用例,nodeid,状态,失败阶段,归因分类,失败原因,NPU机制关系,能否修复,修复方向,未修复原因,覆盖边界,日志证据,源码证据,验证日期,执行范围,参数化统计,分析状态
158,09,test_torchinductor.py,GPUTests,test_floordiv_float_accuracy,test/inductor/test_torchinductor.py::GPUTests::test_floordiv_float_accuracy_npu,通过,无,原用例通过,无,未观察到失败,不适用,无,不适用,原方法中针对浮点 floor division 的精度边界输入及断言。,batch-09-results.json#test_torchinductor.py::test_floordiv_float_accuracy,batch-09-source-evidence.json#test_torchinductor.py::test_floordiv_float_accuracy,2026-10-08,npu,"{""passed"": 1}",完成
159,09,test_torchinductor.py,GPUTests,test_div_precision,test/inductor/test_torchinductor.py::GPUTests::test_div_precision_npu,通过,无,原用例通过,无,未观察到失败,不适用,无,不适用,除法接 softmax 的精度回归，含极小标量除数及固定问题输入。,batch-09-results.json#test_torchinductor.py::test_div_precision,batch-09-source-evidence.json#test_torchinductor.py::test_div_precision,2026-10-08,npu,"{""passed"": 1}",完成
160,09,test_torchinductor.py,GPUTests,test_div_presicion_accuracy,test/inductor/test_torchinductor.py::GPUTests::test_div_presicion_accuracy_npu,通过,无,原用例通过,无,未观察到失败,不适用,无,不适用,5×5 浮点输入除以 101 后求和。,batch-09-results.json#test_torchinductor.py::test_div_presicion_accuracy,batch-09-source-evidence.json#test_torchinductor.py::test_div_presicion_accuracy,2026-10-08,npu,"{""passed"": 1}",完成
161,09,test_torchinductor.py,GPUTests,test_div_by_zero,test/inductor/test_torchinductor.py::GPUTests::test_div_by_zero_npu,通过,无,原用例通过,无,未观察到失败,不适用,无,不适用,Python/运行时正负零除数、零被除数及 Inf/NaN 结果。,batch-09-results.json#test_torchinductor.py::test_div_by_zero,batch-09-source-evidence.json#test_torchinductor.py::test_div_by_zero,2026-10-08,npu,"{""passed"": 1}",完成
162,09,test_torchinductor.py,GPUTests,test_sum_keepdims,test/inductor/test_torchinductor.py::GPUTests::test_sum_keepdims_npu,通过,无,原用例通过,无,未观察到失败,不适用,无,不适用,沿末维求和并保留维度。,batch-09-results.json#test_torchinductor.py::test_sum_keepdims,batch-09-source-evidence.json#test_torchinductor.py::test_sum_keepdims,2026-10-08,npu,"{""passed"": 1}",完成
163,09,test_torchinductor.py,GPUTests,test_large_tensor_reduction,test/inductor/test_torchinductor.py::GPUTests::test_large_tensor_reduction_npu,跳过,测试装饰器内主动跳过，未进入测试函数体,大张量测试的 NPU 设备适配缺口（skip）,"largeTensorTest 调用 _has_sufficient_memory；其仅识别 cuda/xpu/xla/cpu/mps，npu 落入 SkipTest(""Unknown device type"")。不是实际测得显存不足。",内存检查工具未接入 NPU，不能据此判定 NPU 不支持大张量或 64 位索引。,可修复：补齐测试工具的 NPU 可用内存检查,按实际 NPU 设备索引查询可用内存和进程配额，保留大张量内存门槛及 cpp_wrapper 额外分配估计；然后执行原断言。,本轮保留原测试门槛，没有绕过装饰器；内存检查适配和原大存储场景尚未复测。,原计划范围：2^32 个 int8 元素的 max，末元素为 2，验证 64 位索引。 实际仅执行到内存检查，未分配该大存储或验证计算结果。,batch-09-results.json#test_torchinductor.py::test_large_tensor_reduction,batch-09-source-evidence.json#test_torchinductor.py::test_large_tensor_reduction; runtime-source-evidence.json#torch/testing/_internal/common_device_type.py::_has_sufficient_memory; runtime-source-evidence.json#torch/testing/_internal/common_device_type.py::largeTensorTest,2026-10-08,npu,"{""skipped"": 1}",完成
164,09,test_torchinductor.py,GPUTests,test_large_broadcast_reduction,test/inductor/test_torchinductor.py::GPUTests::test_large_broadcast_reduction_npu,通过,无,原用例通过,无,未观察到失败,不适用,无,不适用,两个 2^16 长的 int8 输入广播成 2^32 元素后取 max，验证中间索引范围。,batch-09-results.json#test_torchinductor.py::test_large_broadcast_reduction,batch-09-source-evidence.json#test_torchinductor.py::test_large_broadcast_reduction,2026-10-08,npu,"{""passed"": 1}",完成
165,09,test_torchinductor.py,GPUTests,test_large_pointwise,test/inductor/test_torchinductor.py::GPUTests::test_large_pointwise_npu,跳过,测试装饰器内主动跳过，未进入测试函数体,大张量测试的 NPU 设备适配缺口（skip）,"largeTensorTest 调用 _has_sufficient_memory；其仅识别 cuda/xpu/xla/cpu/mps，npu 落入 SkipTest(""Unknown device type"")。不是实际测得显存不足。",内存检查工具未接入 NPU，不能据此判定 NPU 不支持大张量或 64 位索引。,可修复：补齐测试工具的 NPU 可用内存检查,按实际 NPU 设备索引查询可用内存和进程配额，保留大张量内存门槛及 cpp_wrapper 额外分配估计；然后执行原断言。,本轮保留原测试门槛，没有绕过装饰器；内存检查适配和原大存储场景尚未复测。,原计划范围：2^31+1 个 int8 元素加一并检查全部输出。 实际仅执行到内存检查，未分配该大存储或验证计算结果。,batch-09-results.json#test_torchinductor.py::test_large_pointwise,batch-09-source-evidence.json#test_torchinductor.py::test_large_pointwise; runtime-source-evidence.json#torch/testing/_internal/common_device_type.py::_has_sufficient_memory; runtime-source-evidence.json#torch/testing/_internal/common_device_type.py::largeTensorTest,2026-10-08,npu,"{""skipped"": 1}",完成
166,09,test_torchinductor.py,GPUTests,test_large_offset_pointwise,test/inductor/test_torchinductor.py::GPUTests::test_large_offset_pointwise_npu,跳过,测试装饰器内主动跳过，未进入测试函数体,大张量测试的 NPU 设备适配缺口（skip）,"largeTensorTest 调用 _has_sufficient_memory；其仅识别 cuda/xpu/xla/cpu/mps，npu 落入 SkipTest(""Unknown device type"")。不是实际测得显存不足。",内存检查工具未接入 NPU，不能据此判定 NPU 不支持大张量或 64 位索引。,可修复：补齐测试工具的 NPU 可用内存检查,按实际 NPU 设备索引查询可用内存和进程配额，保留大张量内存门槛及 cpp_wrapper 额外分配估计；然后执行原断言。,本轮保留原测试门槛，没有绕过装饰器；内存检查适配和原大存储场景尚未复测。,原计划范围：2^31+1 存储上的大 offset 视图逐元素加四。 实际仅执行到内存检查，未分配该大存储或验证计算结果。,batch-09-results.json#test_torchinductor.py::test_large_offset_pointwise,batch-09-source-evidence.json#test_torchinductor.py::test_large_offset_pointwise; runtime-source-evidence.json#torch/testing/_internal/common_device_type.py::_has_sufficient_memory; runtime-source-evidence.json#torch/testing/_internal/common_device_type.py::largeTensorTest,2026-10-08,npu,"{""skipped"": 1}",完成
167,09,test_torchinductor.py,GPUTests,test_large_strided_reduction,test/inductor/test_torchinductor.py::GPUTests::test_large_strided_reduction_npu,跳过,测试装饰器内主动跳过，未进入测试函数体,大张量测试的 NPU 设备适配缺口（skip）,"largeTensorTest 调用 _has_sufficient_memory；其仅识别 cuda/xpu/xla/cpu/mps，npu 落入 SkipTest(""Unknown device type"")。不是实际测得显存不足。",内存检查工具未接入 NPU，不能据此判定 NPU 不支持大张量或 64 位索引。,可修复：补齐测试工具的 NPU 可用内存检查,按实际 NPU 设备索引查询可用内存和进程配额，保留大张量内存门槛及 cpp_wrapper 额外分配估计；然后执行原断言。,本轮保留原测试门槛，没有绕过装饰器；内存检查适配和原大存储场景尚未复测。,原计划范围：大存储 stride=32 视图的 max，验证 stride 索引超 int32。 实际仅执行到内存检查，未分配该大存储或验证计算结果。,batch-09-results.json#test_torchinductor.py::test_large_strided_reduction,batch-09-source-evidence.json#test_torchinductor.py::test_large_strided_reduction; runtime-source-evidence.json#torch/testing/_internal/common_device_type.py::_has_sufficient_memory; runtime-source-evidence.json#torch/testing/_internal/common_device_type.py::largeTensorTest,2026-10-08,npu,"{""skipped"": 1}",完成
168,09,test_torchinductor.py,GPUTests,test_softmax,test/inductor/test_torchinductor.py::GPUTests::test_softmax_npu,通过,无,原用例通过,无,未观察到失败,不适用,无,不适用,不同维度及相加后 softmax。,batch-09-results.json#test_torchinductor.py::test_softmax,batch-09-source-evidence.json#test_torchinductor.py::test_softmax,2026-10-08,npu,"{""passed"": 1}",完成
169,09,test_torchinductor.py,CpuTests,test_softmax_reused_expensive_pointwise_cpu,test/inductor/test_torchinductor.py::CpuTests::test_softmax_reused_expensive_pointwise_cpu_cpu,通过,无,原用例通过,无,未观察到失败,不适用,无,不适用,CPU 专用实例通过，不计为 NPU 功能通过。CPU 相对位置桶、embedding 和 softmax 的复用及代码生成回归；不计为 NPU 功能通过。,batch-09-results.json#test_torchinductor.py::test_softmax_reused_expensive_pointwise_cpu,batch-09-source-evidence.json#test_torchinductor.py::test_softmax_reused_expensive_pointwise_cpu,2026-10-08,explicit_cpu,"{""passed"": 1}",完成
170,09,test_torchinductor.py,GPUTests,test_log_softmax,test/inductor/test_torchinductor.py::GPUTests::test_log_softmax_npu,通过,无,原用例通过,无,未观察到失败,不适用,无,不适用,不同维度及相加后 log_softmax。,batch-09-results.json#test_torchinductor.py::test_log_softmax,batch-09-source-evidence.json#test_torchinductor.py::test_log_softmax,2026-10-08,npu,"{""passed"": 1}",完成
171,09,test_torchinductor.py,GPUTests,test_transpose,test/inductor/test_torchinductor.py::GPUTests::test_transpose_npu,通过,无,原用例通过,无,未观察到失败,不适用,无,不适用,t/transpose 与逐元素计算组合。,batch-09-results.json#test_torchinductor.py::test_transpose,batch-09-source-evidence.json#test_torchinductor.py::test_transpose,2026-10-08,npu,"{""passed"": 1}",完成
172,09,test_torchinductor.py,GPUTests,test_permute1,test/inductor/test_torchinductor.py::GPUTests::test_permute1_npu,通过,无,原用例通过,无,未观察到失败,不适用,无,不适用,五维 permute 与逐元素计算组合。,batch-09-results.json#test_torchinductor.py::test_permute1,batch-09-source-evidence.json#test_torchinductor.py::test_permute1,2026-10-08,npu,"{""passed"": 1}",完成
173,09,test_torchinductor.py,GPUTests,test_permute_unbacked_slice,test/inductor/test_torchinductor.py::GPUTests::test_permute_unbacked_slice_npu,通过,无,原用例通过,无,未观察到失败,不适用,无,不适用,从 CPU Tensor.item 取得 unbacked slice 终点，验证 NPU permute 后切片。,batch-09-results.json#test_torchinductor.py::test_permute_unbacked_slice,batch-09-source-evidence.json#test_torchinductor.py::test_permute_unbacked_slice,2026-10-08,npu,"{""passed"": 1}",完成
174,09,test_torchinductor.py,GPUTests,test_expand,test/inductor/test_torchinductor.py::GPUTests::test_expand_npu,通过,无,原用例通过,无,未观察到失败,不适用,无,不适用,新增广播维度与 -1 保留维度。,batch-09-results.json#test_torchinductor.py::test_expand,batch-09-source-evidence.json#test_torchinductor.py::test_expand,2026-10-08,npu,"{""passed"": 1}",完成
175,09,test_torchinductor.py,GPUTests,test_squeeze1,test/inductor/test_torchinductor.py::GPUTests::test_squeeze1_npu,通过,无,原用例通过,无,未观察到失败,不适用,无,不适用,一次移除全部 size=1 维度。,batch-09-results.json#test_torchinductor.py::test_squeeze1,batch-09-source-evidence.json#test_torchinductor.py::test_squeeze1,2026-10-08,npu,"{""passed"": 1}",完成
176,09,test_torchinductor.py,GPUTests,test_squeeze2,test/inductor/test_torchinductor.py::GPUTests::test_squeeze2_npu,通过,无,原用例通过,无,未观察到失败,不适用,无,不适用,正负维度索引链式 squeeze。,batch-09-results.json#test_torchinductor.py::test_squeeze2,batch-09-source-evidence.json#test_torchinductor.py::test_squeeze2,2026-10-08,npu,"{""passed"": 1}",完成
177,09,test_torchinductor.py,GPUTests,test_squeeze_varargs,test/inductor/test_torchinductor.py::GPUTests::test_squeeze_varargs_npu,通过,无,原用例通过,无,未观察到失败,不适用,无,不适用,squeeze 同时指定多个维度后 clone。,batch-09-results.json#test_torchinductor.py::test_squeeze_varargs,batch-09-source-evidence.json#test_torchinductor.py::test_squeeze_varargs,2026-10-08,npu,"{""passed"": 1}",完成
