原序号,批次,文件,测试类,用例,原结果,修复组,建议等级,修复主题,建议修改位置,是否涉及其他模块,当前阻塞原因,是否建议解除跳过,具体建议,验收要求,边界与后续风险,实施及验证状态,源码依据,日志依据,评审日期,临时验证结果,临时验证结论,临时验证证据,适配后建议,首轮临时结果,补充验证结果
1,01,test_static_triton_launcher.py,TestStaticTritonLauncher,test_basic,失败,R14,E：不列入简单修复,CUDA static/fast launcher 的 NPU 功能接入,测试适配 + NPU launcher/编译分派；原接口位于 torch/_inductor/runtime/static_triton_launcher.py、torch._C/C++,原社区接口路径涉及 torch runtime/C++、Triton driver；独立 NPU 替代方案需另行设计,write_cubin_to_tmp 读取 kernel.asm[cubin] 报 KeyError；Ascend 输出 npubin。,不适用,需建立 NPU 二进制加载、参数 ABI、模块生命周期、资源限制与 strict/fast 分派；再设计等价 NPU 测试。CUDA-only 项可以精确 skip，但那是范围声明。,必须观察到真实 NPU static/fast 构造和运行，再验证数值、参数错误、空 grid 和资源边界。,换 cubin 为 npubin、删除 fast 构造断言或把预期异常改为不抛出都不是完整修复；不属于少量用例/Inductor 小改。,方案评审；本轮未修改原测试或生产实现，未进行修复后 NPU 复测。,batch-01-source-evidence.json#TestStaticTritonLauncher.test_basic,batch-01-results.json#test/inductor/test_static_triton_launcher.py::TestStaticTritonLauncher::test_basic,2026-10-08,,,,,,
2,01,test_static_triton_launcher.py,TestStaticTritonLauncher,test_unsigned_integers,失败,R15,E：不列入简单修复,uint64 初始化与 static launcher 双重缺口,测试初始化；torch_npu/op-plugin zero_；static launcher 接入,完整修复涉及 eager 算子及 launcher runtime,torch.zeros(dtype=uint64) 的 aclnnInplaceZero 拒绝 DT_UINT64；日志同时含 driver 507899，不能仅由错误码扩大归因。,不适用,可尝试保持 uint64 位宽的 CPU 初始化后搬运以诊断首错；完整用例仍需要 NPU static launcher 能力。,保留 uint8/16/32/64 的范围和 launcher 参数验证。,单改 zeros 初始化不能修完整用例；改成 int64 会失去无符号覆盖。,方案评审；本轮未修改原测试或生产实现，未进行修复后 NPU 复测。,batch-01-source-evidence.json#TestStaticTritonLauncher.test_unsigned_integers,batch-01-results.json#test/inductor/test_static_triton_launcher.py::TestStaticTritonLauncher::test_unsigned_integers,2026-10-08,,,,,,
3,01,test_static_triton_launcher.py,TestStaticTritonLauncher,test_signed_integers,失败,R14,E：不列入简单修复,CUDA static/fast launcher 的 NPU 功能接入,测试适配 + NPU launcher/编译分派；原接口位于 torch/_inductor/runtime/static_triton_launcher.py、torch._C/C++,原社区接口路径涉及 torch runtime/C++、Triton driver；独立 NPU 替代方案需另行设计,write_cubin_to_tmp 读取 kernel.asm[cubin] 报 KeyError；Ascend 输出 npubin。,不适用,需建立 NPU 二进制加载、参数 ABI、模块生命周期、资源限制与 strict/fast 分派；再设计等价 NPU 测试。CUDA-only 项可以精确 skip，但那是范围声明。,必须观察到真实 NPU static/fast 构造和运行，再验证数值、参数错误、空 grid 和资源边界。,换 cubin 为 npubin、删除 fast 构造断言或把预期异常改为不抛出都不是完整修复；不属于少量用例/Inductor 小改。,方案评审；本轮未修改原测试或生产实现，未进行修复后 NPU 复测。,batch-01-source-evidence.json#TestStaticTritonLauncher.test_signed_integers,batch-01-results.json#test/inductor/test_static_triton_launcher.py::TestStaticTritonLauncher::test_signed_integers,2026-10-08,,,,,,
4,01,test_static_triton_launcher.py,TestStaticTritonLauncher,test_basic_1arg,失败,R14,E：不列入简单修复,CUDA static/fast launcher 的 NPU 功能接入,测试适配 + NPU launcher/编译分派；原接口位于 torch/_inductor/runtime/static_triton_launcher.py、torch._C/C++,原社区接口路径涉及 torch runtime/C++、Triton driver；独立 NPU 替代方案需另行设计,write_cubin_to_tmp 读取 kernel.asm[cubin] 报 KeyError；Ascend 输出 npubin。,不适用,需建立 NPU 二进制加载、参数 ABI、模块生命周期、资源限制与 strict/fast 分派；再设计等价 NPU 测试。CUDA-only 项可以精确 skip，但那是范围声明。,必须观察到真实 NPU static/fast 构造和运行，再验证数值、参数错误、空 grid 和资源边界。,换 cubin 为 npubin、删除 fast 构造断言或把预期异常改为不抛出都不是完整修复；不属于少量用例/Inductor 小改。,方案评审；本轮未修改原测试或生产实现，未进行修复后 NPU 复测。,batch-01-source-evidence.json#TestStaticTritonLauncher.test_basic_1arg,batch-01-results.json#test/inductor/test_static_triton_launcher.py::TestStaticTritonLauncher::test_basic_1arg,2026-10-08,,,,,,
5,01,test_static_triton_launcher.py,TestStaticTritonLauncher,test_constexpr,失败,R14,E：不列入简单修复,CUDA static/fast launcher 的 NPU 功能接入,测试适配 + NPU launcher/编译分派；原接口位于 torch/_inductor/runtime/static_triton_launcher.py、torch._C/C++,原社区接口路径涉及 torch runtime/C++、Triton driver；独立 NPU 替代方案需另行设计,write_cubin_to_tmp 读取 kernel.asm[cubin] 报 KeyError；Ascend 输出 npubin。,不适用,需建立 NPU 二进制加载、参数 ABI、模块生命周期、资源限制与 strict/fast 分派；再设计等价 NPU 测试。CUDA-only 项可以精确 skip，但那是范围声明。,必须观察到真实 NPU static/fast 构造和运行，再验证数值、参数错误、空 grid 和资源边界。,换 cubin 为 npubin、删除 fast 构造断言或把预期异常改为不抛出都不是完整修复；不属于少量用例/Inductor 小改。,方案评审；本轮未修改原测试或生产实现，未进行修复后 NPU 复测。,batch-01-source-evidence.json#TestStaticTritonLauncher.test_constexpr,batch-01-results.json#test/inductor/test_static_triton_launcher.py::TestStaticTritonLauncher::test_constexpr,2026-10-08,,,,,,
6,01,test_static_triton_launcher.py,TestStaticTritonLauncher,test_implied_constant,失败,R16,E：不列入简单修复,libdevice 映射、输入长度及 static launcher 多层缺口,triton/backends/ascend/compiler.py::get_module_map、测试输入长度、static launcher,是：triton-ascend backend；另依赖 launcher,triton_helpers.libdevice.isinf 实际来自 triton.language.extra.libdevice，函数体为 ...，返回 None 后 .to 报错；Ascend get_module_map 返回空字典。,不适用,通用 libdevice 到 CANN 的映射需要在 Triton backend 正确接入；同时修正输入长度 4 与 r0_numel=128 不一致，并完成 NPU launcher。,确认实际调用 CANN isinf、mask 不越界、implied constant 参数确实被消除。,测试显式改用 CANN isinf 只能绕过当前映射问题，后续 launcher 仍阻塞，不列为简单完整修复。,方案评审；本轮未修改原测试或生产实现，未进行修复后 NPU 复测。,batch-01-source-evidence.json#TestStaticTritonLauncher.test_implied_constant,batch-01-results.json#test/inductor/test_static_triton_launcher.py::TestStaticTritonLauncher::test_implied_constant; batch-01-capability-probe.json,2026-10-08,,,,,,
7,01,test_static_triton_launcher.py,TestStaticTritonLauncher,test_kernel_no_args,失败,R14,E：不列入简单修复,CUDA static/fast launcher 的 NPU 功能接入,测试适配 + NPU launcher/编译分派；原接口位于 torch/_inductor/runtime/static_triton_launcher.py、torch._C/C++,原社区接口路径涉及 torch runtime/C++、Triton driver；独立 NPU 替代方案需另行设计,write_cubin_to_tmp 读取 kernel.asm[cubin] 报 KeyError；Ascend 输出 npubin。,不适用,需建立 NPU 二进制加载、参数 ABI、模块生命周期、资源限制与 strict/fast 分派；再设计等价 NPU 测试。CUDA-only 项可以精确 skip，但那是范围声明。,必须观察到真实 NPU static/fast 构造和运行，再验证数值、参数错误、空 grid 和资源边界。,换 cubin 为 npubin、删除 fast 构造断言或把预期异常改为不抛出都不是完整修复；不属于少量用例/Inductor 小改。,方案评审；本轮未修改原测试或生产实现，未进行修复后 NPU 复测。,batch-01-source-evidence.json#TestStaticTritonLauncher.test_kernel_no_args,batch-01-results.json#test/inductor/test_static_triton_launcher.py::TestStaticTritonLauncher::test_kernel_no_args,2026-10-08,,,,,,
8,01,test_static_triton_launcher.py,TestStaticTritonLauncher,test_high_shared_mem,失败,R14,E：不列入简单修复,CUDA static/fast launcher 的 NPU 功能接入,测试适配 + NPU launcher/编译分派；原接口位于 torch/_inductor/runtime/static_triton_launcher.py、torch._C/C++,原社区接口路径涉及 torch runtime/C++、Triton driver；独立 NPU 替代方案需另行设计,write_cubin_to_tmp 读取 kernel.asm[cubin] 报 KeyError；Ascend 输出 npubin。,不适用,需建立 NPU 二进制加载、参数 ABI、模块生命周期、资源限制与 strict/fast 分派；再设计等价 NPU 测试。CUDA-only 项可以精确 skip，但那是范围声明。,必须观察到真实 NPU static/fast 构造和运行，再验证数值、参数错误、空 grid 和资源边界。,换 cubin 为 npubin、删除 fast 构造断言或把预期异常改为不抛出都不是完整修复；不属于少量用例/Inductor 小改。,方案评审；本轮未修改原测试或生产实现，未进行修复后 NPU 复测。,batch-01-source-evidence.json#TestStaticTritonLauncher.test_high_shared_mem,batch-01-results.json#test/inductor/test_static_triton_launcher.py::TestStaticTritonLauncher::test_high_shared_mem,2026-10-08,,,,,,
9,01,test_static_triton_launcher.py,TestStaticTritonLauncher,test_too_high_shared_mem,失败,R14,E：不列入简单修复,CUDA static/fast launcher 的 NPU 功能接入,测试适配 + NPU launcher/编译分派；原接口位于 torch/_inductor/runtime/static_triton_launcher.py、torch._C/C++,原社区接口路径涉及 torch runtime/C++、Triton driver；独立 NPU 替代方案需另行设计,write_cubin_to_tmp 读取 kernel.asm[cubin] 报 KeyError；Ascend 输出 npubin。,不适用,需建立 NPU 二进制加载、参数 ABI、模块生命周期、资源限制与 strict/fast 分派；再设计等价 NPU 测试。CUDA-only 项可以精确 skip，但那是范围声明。,必须观察到真实 NPU static/fast 构造和运行，再验证数值、参数错误、空 grid 和资源边界。,换 cubin 为 npubin、删除 fast 构造断言或把预期异常改为不抛出都不是完整修复；不属于少量用例/Inductor 小改。,方案评审；本轮未修改原测试或生产实现，未进行修复后 NPU 复测。,batch-01-source-evidence.json#TestStaticTritonLauncher.test_too_high_shared_mem,batch-01-results.json#test/inductor/test_static_triton_launcher.py::TestStaticTritonLauncher::test_too_high_shared_mem,2026-10-08,,,,,,
10,01,test_static_triton_launcher.py,TestStaticTritonLauncher,test_kernel_empty_tensor,失败,R14,E：不列入简单修复,CUDA static/fast launcher 的 NPU 功能接入,测试适配 + NPU launcher/编译分派；原接口位于 torch/_inductor/runtime/static_triton_launcher.py、torch._C/C++,原社区接口路径涉及 torch runtime/C++、Triton driver；独立 NPU 替代方案需另行设计,write_cubin_to_tmp 读取 kernel.asm[cubin] 报 KeyError；Ascend 输出 npubin。,不适用,需建立 NPU 二进制加载、参数 ABI、模块生命周期、资源限制与 strict/fast 分派；再设计等价 NPU 测试。CUDA-only 项可以精确 skip，但那是范围声明。,必须观察到真实 NPU static/fast 构造和运行，再验证数值、参数错误、空 grid 和资源边界。,换 cubin 为 npubin、删除 fast 构造断言或把预期异常改为不抛出都不是完整修复；不属于少量用例/Inductor 小改。,方案评审；本轮未修改原测试或生产实现，未进行修复后 NPU 复测。,batch-01-source-evidence.json#TestStaticTritonLauncher.test_kernel_empty_tensor,batch-01-results.json#test/inductor/test_static_triton_launcher.py::TestStaticTritonLauncher::test_kernel_empty_tensor,2026-10-08,,,,,,
11,01,test_static_triton_launcher.py,TestStaticTritonLauncher,test_kernel_many_args,失败,R14,E：不列入简单修复,CUDA static/fast launcher 的 NPU 功能接入,测试适配 + NPU launcher/编译分派；原接口位于 torch/_inductor/runtime/static_triton_launcher.py、torch._C/C++,原社区接口路径涉及 torch runtime/C++、Triton driver；独立 NPU 替代方案需另行设计,write_cubin_to_tmp 读取 kernel.asm[cubin] 报 KeyError；Ascend 输出 npubin。,不适用,需建立 NPU 二进制加载、参数 ABI、模块生命周期、资源限制与 strict/fast 分派；再设计等价 NPU 测试。CUDA-only 项可以精确 skip，但那是范围声明。,必须观察到真实 NPU static/fast 构造和运行，再验证数值、参数错误、空 grid 和资源边界。,换 cubin 为 npubin、删除 fast 构造断言或把预期异常改为不抛出都不是完整修复；不属于少量用例/Inductor 小改。,方案评审；本轮未修改原测试或生产实现，未进行修复后 NPU 复测。,batch-01-source-evidence.json#TestStaticTritonLauncher.test_kernel_many_args,batch-01-results.json#test/inductor/test_static_triton_launcher.py::TestStaticTritonLauncher::test_kernel_many_args,2026-10-08,,,,,,
14,01,test_static_triton_launcher.py,TestStaticTritonCompileResult,test_incompatible_code,失败,R14,E：不列入简单修复,CUDA static/fast launcher 的 NPU 功能接入,测试适配 + NPU launcher/编译分派；原接口位于 torch/_inductor/runtime/static_triton_launcher.py、torch._C/C++,原社区接口路径涉及 torch runtime/C++、Triton driver；独立 NPU 替代方案需另行设计,原测试要求 strict static 模式拒绝自定义 Triton kernel；实际编译执行未抛 InductorError。,不适用,需建立 NPU 二进制加载、参数 ABI、模块生命周期、资源限制与 strict/fast 分派；再设计等价 NPU 测试。CUDA-only 项可以精确 skip，但那是范围声明。,必须观察到真实 NPU static/fast 构造和运行，再验证数值、参数错误、空 grid 和资源边界。,换 cubin 为 npubin、删除 fast 构造断言或把预期异常改为不抛出都不是完整修复；不属于少量用例/Inductor 小改。,方案评审；本轮未修改原测试或生产实现，未进行修复后 NPU 复测。,batch-01-source-evidence.json#TestStaticTritonCompileResult.test_incompatible_code,batch-01-results.json#test/inductor/test_static_triton_launcher.py::TestStaticTritonCompileResult::test_incompatible_code,2026-10-08,,,,,,
17,01,test_static_triton_launcher.py,TestStaticTritonCompileResult,test_any,失败,R08,C：简单适配但改变 dtype 覆盖,新增受支持 dtype 的 NPU 等价功能用例,对应测试方法中的 dtype 选择，仅限 NPU 分支,否；完整 fp64 修复涉及算子/Triton 编译器,float64 输入在 CANN libdevice.isinf 的 extern_elementwise 类型映射查找失败：KeyError (triton.language.float64)。,不适用,17 可增加 float32 的 any/isinf/Inf 变体；131 增加 float32 round 边界变体；210 的 y 是全 1，可使用 float32 验证原动态 shape/gather 流程；224 可参照既有 MPS 分支增加 NPU 的 bf16/fp32/bool 转换变体。,保留原运算、数值断言和 shape 分支；新变体明确命名或参数化 dtype。原 float64 覆盖单列为未支持/待修，不覆盖其历史结果。,代码改动小但减少/替换 dtype 覆盖；只在目标接受“验证 NPU 已支持类型”时建议采用。不能声称修好了原 fp64 用例；182 的目标就是 float64 linear，不能用此方法修。,方案评审；本轮未修改原测试或生产实现，未进行修复后 NPU 复测。,batch-01-source-evidence.json#TestStaticTritonCompileResult.test_any,batch-01-results.json#test/inductor/test_static_triton_launcher.py::TestStaticTritonCompileResult::test_any,2026-10-08,,,,,,
19,01,test_static_triton_launcher.py,TestFastCudaLauncher,test_basic,失败,R14,E：不列入简单修复,CUDA static/fast launcher 的 NPU 功能接入,测试适配 + NPU launcher/编译分派；原接口位于 torch/_inductor/runtime/static_triton_launcher.py、torch._C/C++,原社区接口路径涉及 torch runtime/C++、Triton driver；独立 NPU 替代方案需另行设计,write_cubin_to_tmp 读取 kernel.asm[cubin] 报 KeyError；Ascend 输出 npubin。,不适用,需建立 NPU 二进制加载、参数 ABI、模块生命周期、资源限制与 strict/fast 分派；再设计等价 NPU 测试。CUDA-only 项可以精确 skip，但那是范围声明。,必须观察到真实 NPU static/fast 构造和运行，再验证数值、参数错误、空 grid 和资源边界。,换 cubin 为 npubin、删除 fast 构造断言或把预期异常改为不抛出都不是完整修复；不属于少量用例/Inductor 小改。,方案评审；本轮未修改原测试或生产实现，未进行修复后 NPU 复测。,batch-01-source-evidence.json#TestFastCudaLauncher.test_basic,batch-01-results.json#test/inductor/test_static_triton_launcher.py::TestFastCudaLauncher::test_basic,2026-10-08,,,,,,
20,01,test_static_triton_launcher.py,TestFastCudaLauncher,test_multiple_tensor_args,失败,R14,E：不列入简单修复,CUDA static/fast launcher 的 NPU 功能接入,测试适配 + NPU launcher/编译分派；原接口位于 torch/_inductor/runtime/static_triton_launcher.py、torch._C/C++,原社区接口路径涉及 torch runtime/C++、Triton driver；独立 NPU 替代方案需另行设计,write_cubin_to_tmp 读取 kernel.asm[cubin] 报 KeyError；Ascend 输出 npubin。,不适用,需建立 NPU 二进制加载、参数 ABI、模块生命周期、资源限制与 strict/fast 分派；再设计等价 NPU 测试。CUDA-only 项可以精确 skip，但那是范围声明。,必须观察到真实 NPU static/fast 构造和运行，再验证数值、参数错误、空 grid 和资源边界。,换 cubin 为 npubin、删除 fast 构造断言或把预期异常改为不抛出都不是完整修复；不属于少量用例/Inductor 小改。,方案评审；本轮未修改原测试或生产实现，未进行修复后 NPU 复测。,batch-01-source-evidence.json#TestFastCudaLauncher.test_multiple_tensor_args,batch-01-results.json#test/inductor/test_static_triton_launcher.py::TestFastCudaLauncher::test_multiple_tensor_args,2026-10-08,,,,,,
21,01,test_static_triton_launcher.py,TestFastCudaLauncher,test_zero_grid,失败,R14,E：不列入简单修复,CUDA static/fast launcher 的 NPU 功能接入,测试适配 + NPU launcher/编译分派；原接口位于 torch/_inductor/runtime/static_triton_launcher.py、torch._C/C++,原社区接口路径涉及 torch runtime/C++、Triton driver；独立 NPU 替代方案需另行设计,write_cubin_to_tmp 读取 kernel.asm[cubin] 报 KeyError；Ascend 输出 npubin。,不适用,需建立 NPU 二进制加载、参数 ABI、模块生命周期、资源限制与 strict/fast 分派；再设计等价 NPU 测试。CUDA-only 项可以精确 skip，但那是范围声明。,必须观察到真实 NPU static/fast 构造和运行，再验证数值、参数错误、空 grid 和资源边界。,换 cubin 为 npubin、删除 fast 构造断言或把预期异常改为不抛出都不是完整修复；不属于少量用例/Inductor 小改。,方案评审；本轮未修改原测试或生产实现，未进行修复后 NPU 复测。,batch-01-source-evidence.json#TestFastCudaLauncher.test_zero_grid,batch-01-results.json#test/inductor/test_static_triton_launcher.py::TestFastCudaLauncher::test_zero_grid,2026-10-08,,,,,,
22,01,test_static_triton_launcher.py,TestFastCudaLauncher,test_wrong_arg_count,失败,R14,E：不列入简单修复,CUDA static/fast launcher 的 NPU 功能接入,测试适配 + NPU launcher/编译分派；原接口位于 torch/_inductor/runtime/static_triton_launcher.py、torch._C/C++,原社区接口路径涉及 torch runtime/C++、Triton driver；独立 NPU 替代方案需另行设计,write_cubin_to_tmp 读取 kernel.asm[cubin] 报 KeyError；Ascend 输出 npubin。,不适用,需建立 NPU 二进制加载、参数 ABI、模块生命周期、资源限制与 strict/fast 分派；再设计等价 NPU 测试。CUDA-only 项可以精确 skip，但那是范围声明。,必须观察到真实 NPU static/fast 构造和运行，再验证数值、参数错误、空 grid 和资源边界。,换 cubin 为 npubin、删除 fast 构造断言或把预期异常改为不抛出都不是完整修复；不属于少量用例/Inductor 小改。,方案评审；本轮未修改原测试或生产实现，未进行修复后 NPU 复测。,batch-01-source-evidence.json#TestFastCudaLauncher.test_wrong_arg_count,batch-01-results.json#test/inductor/test_static_triton_launcher.py::TestFastCudaLauncher::test_wrong_arg_count,2026-10-08,,,,,,
23,01,test_static_triton_launcher.py,TestFastCudaLauncher,test_too_many_args_raises_value_error,失败,R14,E：不列入简单修复,CUDA static/fast launcher 的 NPU 功能接入,测试适配 + NPU launcher/编译分派；原接口位于 torch/_inductor/runtime/static_triton_launcher.py、torch._C/C++,原社区接口路径涉及 torch runtime/C++、Triton driver；独立 NPU 替代方案需另行设计,from torch._C import _FastCudaLauncher 报 ImportError；当前 torch 为 2.13.0+cpu。,不适用,需建立 NPU 二进制加载、参数 ABI、模块生命周期、资源限制与 strict/fast 分派；再设计等价 NPU 测试。CUDA-only 项可以精确 skip，但那是范围声明。,必须观察到真实 NPU static/fast 构造和运行，再验证数值、参数错误、空 grid 和资源边界。,换 cubin 为 npubin、删除 fast 构造断言或把预期异常改为不抛出都不是完整修复；不属于少量用例/Inductor 小改。,方案评审；本轮未修改原测试或生产实现，未进行修复后 NPU 复测。,batch-01-source-evidence.json#TestFastCudaLauncher.test_too_many_args_raises_value_error,batch-01-results.json#test/inductor/test_static_triton_launcher.py::TestFastCudaLauncher::test_too_many_args_raises_value_error; batch-01-capability-probe.json,2026-10-08,,,,,,
24,01,test_static_triton_launcher.py,TestFastCudaLauncherCompileResult,test_basic_compile,失败,R14,E：不列入简单修复,CUDA static/fast launcher 的 NPU 功能接入,测试适配 + NPU launcher/编译分派；原接口位于 torch/_inductor/runtime/static_triton_launcher.py、torch._C/C++,原社区接口路径涉及 torch runtime/C++、Triton driver；独立 NPU 替代方案需另行设计,数值比较已通过，但 any(results) 为 False：没有构造 _FastCudaLauncher。,不适用,需建立 NPU 二进制加载、参数 ABI、模块生命周期、资源限制与 strict/fast 分派；再设计等价 NPU 测试。CUDA-only 项可以精确 skip，但那是范围声明。,必须观察到真实 NPU static/fast 构造和运行，再验证数值、参数错误、空 grid 和资源边界。,换 cubin 为 npubin、删除 fast 构造断言或把预期异常改为不抛出都不是完整修复；不属于少量用例/Inductor 小改。,方案评审；本轮未修改原测试或生产实现，未进行修复后 NPU 复测。,batch-01-source-evidence.json#TestFastCudaLauncherCompileResult.test_basic_compile,batch-01-results.json#test/inductor/test_static_triton_launcher.py::TestFastCudaLauncherCompileResult::test_basic_compile; batch-01-launcher-trace.json#test/inductor/test_static_triton_launcher.py::TestFastCudaLauncherCompileResult::test_basic_compile,2026-10-08,,,,,,
27,02,test_lookup_table.py,TestLookupTable,test_successful_lookup_with_template_filtering,失败,R17,E：不列入简单修复,NPU lookup key 与模板体系尚未接入,torch/_inductor/lookup_table/choices.py + NPU key/模板注册与测试,原实现涉及社区 torch/_inductor；NPU 扩展方案未设计,_get_device_key 对非 cuda 返回 None；NPU 的 make_lookup_key/variants 为 None，查表返回 {}，触发键缺失、数量或应抛 ValueError 的断言。,不适用,需定义稳定 NPU 架构 key、模板 UID/config/hash 契约并接入正向命中路径。,正向命中、hash 过滤、非法配置、设备优先级和 variants 均须验证。,mock _get_device_key 或预填期望结果可变成纯逻辑单测，但不能修好 NPU 查表集成；放宽为空表会删除测试目标。,方案评审；本轮未修改原测试或生产实现，未进行修复后 NPU 复测。,batch-02-source-evidence.json#test_lookup_table.py::test_successful_lookup_with_template_filtering; runtime-source-evidence.json#torch/_inductor/lookup_table/choices.py::_get_device_key,batch-02-results.json#test_lookup_table.py::test_successful_lookup_with_template_filtering,2026-10-08,,,,,,
29,02,test_lookup_table.py,TestLookupTable,test_validation_error,失败,R17,E：不列入简单修复,NPU lookup key 与模板体系尚未接入,torch/_inductor/lookup_table/choices.py + NPU key/模板注册与测试,原实现涉及社区 torch/_inductor；NPU 扩展方案未设计,_get_device_key 对非 cuda 返回 None；NPU 的 make_lookup_key/variants 为 None，查表返回 {}，触发键缺失、数量或应抛 ValueError 的断言。,不适用,需定义稳定 NPU 架构 key、模板 UID/config/hash 契约并接入正向命中路径。,正向命中、hash 过滤、非法配置、设备优先级和 variants 均须验证。,mock _get_device_key 或预填期望结果可变成纯逻辑单测，但不能修好 NPU 查表集成；放宽为空表会删除测试目标。,方案评审；本轮未修改原测试或生产实现，未进行修复后 NPU 复测。,batch-02-source-evidence.json#test_lookup_table.py::test_validation_error; runtime-source-evidence.json#torch/_inductor/lookup_table/choices.py::_get_device_key,batch-02-results.json#test_lookup_table.py::test_validation_error,2026-10-08,,,,,,
31,02,test_lookup_table.py,TestLookupTable,test_multiple_calls_work,失败,R17,E：不列入简单修复,NPU lookup key 与模板体系尚未接入,torch/_inductor/lookup_table/choices.py + NPU key/模板注册与测试,原实现涉及社区 torch/_inductor；NPU 扩展方案未设计,_get_device_key 对非 cuda 返回 None；NPU 的 make_lookup_key/variants 为 None，查表返回 {}，触发键缺失、数量或应抛 ValueError 的断言。,不适用,需定义稳定 NPU 架构 key、模板 UID/config/hash 契约并接入正向命中路径。,正向命中、hash 过滤、非法配置、设备优先级和 variants 均须验证。,mock _get_device_key 或预填期望结果可变成纯逻辑单测，但不能修好 NPU 查表集成；放宽为空表会删除测试目标。,方案评审；本轮未修改原测试或生产实现，未进行修复后 NPU 复测。,batch-02-source-evidence.json#test_lookup_table.py::test_multiple_calls_work; runtime-source-evidence.json#torch/_inductor/lookup_table/choices.py::_get_device_key,batch-02-results.json#test_lookup_table.py::test_multiple_calls_work,2026-10-08,,,,,,
32,02,test_lookup_table.py,TestLookupTable,test_batch_lookup_mixed_entries,失败,R17,E：不列入简单修复,NPU lookup key 与模板体系尚未接入,torch/_inductor/lookup_table/choices.py + NPU key/模板注册与测试,原实现涉及社区 torch/_inductor；NPU 扩展方案未设计,_get_device_key 对非 cuda 返回 None；NPU 的 make_lookup_key/variants 为 None，查表返回 {}，触发键缺失、数量或应抛 ValueError 的断言。,不适用,需定义稳定 NPU 架构 key、模板 UID/config/hash 契约并接入正向命中路径。,正向命中、hash 过滤、非法配置、设备优先级和 variants 均须验证。,mock _get_device_key 或预填期望结果可变成纯逻辑单测，但不能修好 NPU 查表集成；放宽为空表会删除测试目标。,方案评审；本轮未修改原测试或生产实现，未进行修复后 NPU 复测。,batch-02-source-evidence.json#test_lookup_table.py::test_batch_lookup_mixed_entries; runtime-source-evidence.json#torch/_inductor/lookup_table/choices.py::_get_device_key,batch-02-results.json#test_lookup_table.py::test_batch_lookup_mixed_entries,2026-10-08,,,,,,
33,02,test_lookup_table.py,TestLookupTable,test_template_hash_checking,失败,R17,E：不列入简单修复,NPU lookup key 与模板体系尚未接入,torch/_inductor/lookup_table/choices.py + NPU key/模板注册与测试,原实现涉及社区 torch/_inductor；NPU 扩展方案未设计,_get_device_key 对非 cuda 返回 None；NPU 的 make_lookup_key/variants 为 None，查表返回 {}，触发键缺失、数量或应抛 ValueError 的断言。,不适用,需定义稳定 NPU 架构 key、模板 UID/config/hash 契约并接入正向命中路径。,正向命中、hash 过滤、非法配置、设备优先级和 variants 均须验证。,mock _get_device_key 或预填期望结果可变成纯逻辑单测，但不能修好 NPU 查表集成；放宽为空表会删除测试目标。,方案评审；本轮未修改原测试或生产实现，未进行修复后 NPU 复测。,batch-02-source-evidence.json#test_lookup_table.py::test_template_hash_checking; runtime-source-evidence.json#torch/_inductor/lookup_table/choices.py::_get_device_key,batch-02-results.json#test_lookup_table.py::test_template_hash_checking,2026-10-08,,,,,,
34,02,test_lookup_table.py,TestLookupTable,test_template_hash_checking_disabled,失败,R17,E：不列入简单修复,NPU lookup key 与模板体系尚未接入,torch/_inductor/lookup_table/choices.py + NPU key/模板注册与测试,原实现涉及社区 torch/_inductor；NPU 扩展方案未设计,_get_device_key 对非 cuda 返回 None；NPU 的 make_lookup_key/variants 为 None，查表返回 {}，触发键缺失、数量或应抛 ValueError 的断言。,不适用,需定义稳定 NPU 架构 key、模板 UID/config/hash 契约并接入正向命中路径。,正向命中、hash 过滤、非法配置、设备优先级和 variants 均须验证。,mock _get_device_key 或预填期望结果可变成纯逻辑单测，但不能修好 NPU 查表集成；放宽为空表会删除测试目标。,方案评审；本轮未修改原测试或生产实现，未进行修复后 NPU 复测。,batch-02-source-evidence.json#test_lookup_table.py::test_template_hash_checking_disabled; runtime-source-evidence.json#torch/_inductor/lookup_table/choices.py::_get_device_key,batch-02-results.json#test_lookup_table.py::test_template_hash_checking_disabled,2026-10-08,,,,,,
35,02,test_lookup_table.py,TestLookupTable,test_template_hash_mixed_scenarios,失败,R17,E：不列入简单修复,NPU lookup key 与模板体系尚未接入,torch/_inductor/lookup_table/choices.py + NPU key/模板注册与测试,原实现涉及社区 torch/_inductor；NPU 扩展方案未设计,_get_device_key 对非 cuda 返回 None；NPU 的 make_lookup_key/variants 为 None，查表返回 {}，触发键缺失、数量或应抛 ValueError 的断言。,不适用,需定义稳定 NPU 架构 key、模板 UID/config/hash 契约并接入正向命中路径。,正向命中、hash 过滤、非法配置、设备优先级和 variants 均须验证。,mock _get_device_key 或预填期望结果可变成纯逻辑单测，但不能修好 NPU 查表集成；放宽为空表会删除测试目标。,方案评审；本轮未修改原测试或生产实现，未进行修复后 NPU 复测。,batch-02-source-evidence.json#test_lookup_table.py::test_template_hash_mixed_scenarios; runtime-source-evidence.json#torch/_inductor/lookup_table/choices.py::_get_device_key,batch-02-results.json#test_lookup_table.py::test_template_hash_mixed_scenarios,2026-10-08,,,,,,
36,02,test_lookup_table.py,TestLookupTable,test_hash_checking_disabled_edge_cases,失败,R17,E：不列入简单修复,NPU lookup key 与模板体系尚未接入,torch/_inductor/lookup_table/choices.py + NPU key/模板注册与测试,原实现涉及社区 torch/_inductor；NPU 扩展方案未设计,_get_device_key 对非 cuda 返回 None；NPU 的 make_lookup_key/variants 为 None，查表返回 {}，触发键缺失、数量或应抛 ValueError 的断言。,不适用,需定义稳定 NPU 架构 key、模板 UID/config/hash 契约并接入正向命中路径。,正向命中、hash 过滤、非法配置、设备优先级和 variants 均须验证。,mock _get_device_key 或预填期望结果可变成纯逻辑单测，但不能修好 NPU 查表集成；放宽为空表会删除测试目标。,方案评审；本轮未修改原测试或生产实现，未进行修复后 NPU 复测。,batch-02-source-evidence.json#test_lookup_table.py::test_hash_checking_disabled_edge_cases; runtime-source-evidence.json#torch/_inductor/lookup_table/choices.py::_get_device_key,batch-02-results.json#test_lookup_table.py::test_hash_checking_disabled_edge_cases,2026-10-08,,,,,,
37,02,test_lookup_table.py,TestLookupTable,test_device_key_lookup_scenarios,失败,R17,E：不列入简单修复,NPU lookup key 与模板体系尚未接入,torch/_inductor/lookup_table/choices.py + NPU key/模板注册与测试,原实现涉及社区 torch/_inductor；NPU 扩展方案未设计,_get_device_key 对非 cuda 返回 None；NPU 的 make_lookup_key/variants 为 None，查表返回 {}，触发键缺失、数量或应抛 ValueError 的断言。,不适用,需定义稳定 NPU 架构 key、模板 UID/config/hash 契约并接入正向命中路径。,正向命中、hash 过滤、非法配置、设备优先级和 variants 均须验证。,mock _get_device_key 或预填期望结果可变成纯逻辑单测，但不能修好 NPU 查表集成；放宽为空表会删除测试目标。,方案评审；本轮未修改原测试或生产实现，未进行修复后 NPU 复测。,batch-02-source-evidence.json#test_lookup_table.py::test_device_key_lookup_scenarios; runtime-source-evidence.json#torch/_inductor/lookup_table/choices.py::_get_device_key,batch-02-results.json#test_lookup_table.py::test_device_key_lookup_scenarios,2026-10-08,,,,,,
38,02,test_lookup_table.py,TestLookupTable,test_device_key_priority,失败,R17,E：不列入简单修复,NPU lookup key 与模板体系尚未接入,torch/_inductor/lookup_table/choices.py + NPU key/模板注册与测试,原实现涉及社区 torch/_inductor；NPU 扩展方案未设计,_get_device_key 对非 cuda 返回 None；NPU 的 make_lookup_key/variants 为 None，查表返回 {}，触发键缺失、数量或应抛 ValueError 的断言。,不适用,需定义稳定 NPU 架构 key、模板 UID/config/hash 契约并接入正向命中路径。,正向命中、hash 过滤、非法配置、设备优先级和 variants 均须验证。,mock _get_device_key 或预填期望结果可变成纯逻辑单测，但不能修好 NPU 查表集成；放宽为空表会删除测试目标。,方案评审；本轮未修改原测试或生产实现，未进行修复后 NPU 复测。,batch-02-source-evidence.json#test_lookup_table.py::test_device_key_priority; runtime-source-evidence.json#torch/_inductor/lookup_table/choices.py::_get_device_key,batch-02-results.json#test_lookup_table.py::test_device_key_priority,2026-10-08,,,,,,
39,02,test_lookup_table.py,TestLookupTable,test_make_lookup_key_variants,失败,R17,E：不列入简单修复,NPU lookup key 与模板体系尚未接入,torch/_inductor/lookup_table/choices.py + NPU key/模板注册与测试,原实现涉及社区 torch/_inductor；NPU 扩展方案未设计,_get_device_key 对非 cuda 返回 None；NPU 的 make_lookup_key/variants 为 None，查表返回 {}，触发键缺失、数量或应抛 ValueError 的断言。,不适用,需定义稳定 NPU 架构 key、模板 UID/config/hash 契约并接入正向命中路径。,正向命中、hash 过滤、非法配置、设备优先级和 variants 均须验证。,mock _get_device_key 或预填期望结果可变成纯逻辑单测，但不能修好 NPU 查表集成；放宽为空表会删除测试目标。,方案评审；本轮未修改原测试或生产实现，未进行修复后 NPU 复测。,batch-02-source-evidence.json#test_lookup_table.py::test_make_lookup_key_variants; runtime-source-evidence.json#torch/_inductor/lookup_table/choices.py::_get_device_key,batch-02-results.json#test_lookup_table.py::test_make_lookup_key_variants,2026-10-08,,,,,,
42,02,test_lookup_table.py,TestLookupTableE2E,test_tma_lookup_table_entry,跳过,S08,E：不列入简单修复,TMA lookup 不能仅提高 capability 或删除 skip,lookup 测试的模板选择、NPU lookup key/模板注册；Triton TMA 接口,原功能涉及 torch/_inductor/lookup_table 与 Triton/CUDA TMA；NPU 等价模板方案另需设计,"@skipIf(not has_triton_tma_device(), ""Need TMA support"") 跳过。",当前不建议仅删除跳过,42 保留原 TMA 能力条件。45/46 的通用多配置/混合模板意图可在 NPU lookup 接入后新增原生模板变体，但必须真实命中 key、模板 UID 和所需候选数量。,42 验证实际 TMA 模板；45 同一模板两个不同配置；46 两种真实模板。均保留数值和候选选择检查，不能都换成同一个普通模板。,当前还有 R17 的 NPU lookup 接入缺口，尚非简单解除跳过。TORCH_NPU_DEVICE_CAPABILITY 的兼容数值不代表 CUDA TMA 能力，不能改为 9.0 或让 has_triton_tma_device 恒真。,已用隔离测试副本临时验证；原测试与已安装模块未修改。,batch-02-source-evidence.json#test_lookup_table.py::test_tma_lookup_table_entry; runtime-source-evidence.json#torch/_inductor/lookup_table/choices.py::_get_device_key; repair-source-evidence.json#torch/utils/_triton.py::has_triton_tma_device,batch-02-results.json#test_lookup_table.py::test_tma_lookup_table_entry,2026-10-08,跳过,未伪造 capability 或 TMA 能力，原用例仍跳过 Need TMA support。mm/addmm 两个参数化实例均跳过。,skip-validation/case-42.json,保留 TMA 能力限制；NPU 原生 lookup/多模板等价方案仍需功能接入。,跳过,
44,02,test_lookup_table.py,TestLookupTableE2E,test_bias_addmm_lookup_table_entry,失败,R18,E：不列入简单修复,CUDA allocator/graph capture 接口误用,torch/_inductor/cudagraph_utils.py 与 NPU graph/allocator runtime 集成,完整方案可能涉及 torch/_inductor、torch_npu runtime，不能仅承诺 NPU Inductor 改动,mode=max-autotune 开启图捕获路径；check_caching_allocator_for_cudagraphs 调用 torch._C._cuda_cudaCachingAllocator_is_enabled，CPU torch 构建无该符号。,不适用,按真实后端接入 allocator 和图捕获能力检查；需要 NPU 等价 capture/replay 契约。,保留 max-autotune/reduce-overhead 原模式并验证实际 graph 行为；44 后续仍要检查 lookup 接入。,"getattr(..., lambda: True)、关闭 cudagraphs、改 compile mode 只能避开目标，不作为简单功能修复。",方案评审；本轮未修改原测试或生产实现，未进行修复后 NPU 复测。,batch-02-source-evidence.json#test_lookup_table.py::test_bias_addmm_lookup_table_entry; runtime-source-evidence.json#torch/_inductor/lookup_table/choices.py::_get_device_key; runtime-source-evidence.json#torch/_inductor/cudagraph_utils.py::check_caching_allocator_for_cudagraphs,batch-02-results.json#test_lookup_table.py::test_bias_addmm_lookup_table_entry,2026-10-08,,,,,,
45,02,test_lookup_table.py,TestLookupTableE2E,test_multiple_configs_same_template,跳过,S08,E：不列入简单修复,TMA lookup 不能仅提高 capability 或删除 skip,lookup 测试的模板选择、NPU lookup key/模板注册；Triton TMA 接口,原功能涉及 torch/_inductor/lookup_table 与 Triton/CUDA TMA；NPU 等价模板方案另需设计,"@skipIf(not has_triton_tma_device(), ""Need TMA support"") 跳过。",当前不建议仅删除跳过,42 保留原 TMA 能力条件。45/46 的通用多配置/混合模板意图可在 NPU lookup 接入后新增原生模板变体，但必须真实命中 key、模板 UID 和所需候选数量。,42 验证实际 TMA 模板；45 同一模板两个不同配置；46 两种真实模板。均保留数值和候选选择检查，不能都换成同一个普通模板。,当前还有 R17 的 NPU lookup 接入缺口，尚非简单解除跳过。TORCH_NPU_DEVICE_CAPABILITY 的兼容数值不代表 CUDA TMA 能力，不能改为 9.0 或让 has_triton_tma_device 恒真。,已用隔离测试副本临时验证；原测试与已安装模块未修改。,batch-02-source-evidence.json#test_lookup_table.py::test_multiple_configs_same_template; runtime-source-evidence.json#torch/_inductor/lookup_table/choices.py::_get_device_key; repair-source-evidence.json#torch/utils/_triton.py::has_triton_tma_device,batch-02-results.json#test_lookup_table.py::test_multiple_configs_same_template,2026-10-08,跳过,未伪造 capability 或 TMA 能力，原用例仍跳过 Need TMA support。,skip-validation/case-45.json,保留 TMA 能力限制；NPU 原生 lookup/多模板等价方案仍需功能接入。,跳过,
46,02,test_lookup_table.py,TestLookupTableE2E,test_mixed_template_configs,跳过,S08,E：不列入简单修复,TMA lookup 不能仅提高 capability 或删除 skip,lookup 测试的模板选择、NPU lookup key/模板注册；Triton TMA 接口,原功能涉及 torch/_inductor/lookup_table 与 Triton/CUDA TMA；NPU 等价模板方案另需设计,"@skipIf(not has_triton_tma_device(), ""Need TMA support"") 跳过。",当前不建议仅删除跳过,42 保留原 TMA 能力条件。45/46 的通用多配置/混合模板意图可在 NPU lookup 接入后新增原生模板变体，但必须真实命中 key、模板 UID 和所需候选数量。,42 验证实际 TMA 模板；45 同一模板两个不同配置；46 两种真实模板。均保留数值和候选选择检查，不能都换成同一个普通模板。,当前还有 R17 的 NPU lookup 接入缺口，尚非简单解除跳过。TORCH_NPU_DEVICE_CAPABILITY 的兼容数值不代表 CUDA TMA 能力，不能改为 9.0 或让 has_triton_tma_device 恒真。,已用隔离测试副本临时验证；原测试与已安装模块未修改。,batch-02-source-evidence.json#test_lookup_table.py::test_mixed_template_configs; runtime-source-evidence.json#torch/_inductor/lookup_table/choices.py::_get_device_key; repair-source-evidence.json#torch/utils/_triton.py::has_triton_tma_device,batch-02-results.json#test_lookup_table.py::test_mixed_template_configs,2026-10-08,跳过,未伪造 capability 或 TMA 能力，原用例仍跳过 Need TMA support。,skip-validation/case-46.json,保留 TMA 能力限制；NPU 原生 lookup/多模板等价方案仍需功能接入。,跳过,
48,03,test_utils.py,TestUtilsCUDA,test_flops_fx,失败,R06,A：优先尝试简单修复,纯 FakeTensor FLOPs 单测移出 CUDA 设备类,test/inductor/test_utils.py::test_flops_fx 所属测试类,否,TestUtilsCUDA 包装器进入 CudaNonDefaultStream.__enter__，直接调用缺失的 torch._C._cuda_setStream。,不适用,将该不使用 self.device 的方法移到不做设备实例化的 TestCase，保留方法体中的 FakeTensor 和 count_flops_fx 断言。避免 CUDA 类自动启用 CudaNonDefaultStream。,原有 addmm/bmm/mm/convolution 正例和 pointwise 反例全部执行；确保实际执行方法而不是新增 skip。,这是主机端 FX 元数据单测的归类修复，不是 NPU 流或峰值性能测试通过。49 不能同样推断可修。,方案评审；本轮未修改原测试或生产实现，未进行修复后 NPU 复测。,batch-03-source-evidence.json#test_utils.py::test_flops_fx; runtime-source-evidence.json#torch/testing/_internal/common_utils.py::CudaNonDefaultStream; repair-source-evidence.json#test_utils.py::device_instantiation,batch-03-results.json#test_utils.py::test_flops_fx,2026-10-08,,,,,,
49,03,test_utils.py,TestUtilsCUDA,test_get_device_tflops,失败,R19,E：不列入简单修复,CUDA stream fixture 后还有峰值性能模型适配,test_utils 的设备 fixture + torch/_inductor/utils.py::get_device_tflops/device_info/Triton 性能估计,是或需新增 NPU 性能信息实现；当前函数属于社区 torch,TestUtilsCUDA 包装器进入 CudaNonDefaultStream.__enter__，直接调用缺失的 torch._C._cuda_setStream。,不适用,先用正确 NPU 流 fixture，再以真实 NPU datasheet/性能接口接入估计值。,所有 dtype 返回有依据的数值；不能只满足 type(ret) is float。,当前只到 CUDA 流首错；直接返回 0.0 或移除流检查不证明 NPU 峰值性能计算正确。,方案评审；本轮未修改原测试或生产实现，未进行修复后 NPU 复测。,batch-03-source-evidence.json#test_utils.py::test_get_device_tflops; runtime-source-evidence.json#torch/testing/_internal/common_utils.py::CudaNonDefaultStream,batch-03-results.json#test_utils.py::test_get_device_tflops,2026-10-08,,,,,,
50,03,test_utils.py,TestFP4Support,test_ensure_fp4_dtype_registered,跳过,S07,B：有条件的小改候选,真实 CUTLASS dtype 映射可作为主机端依赖测试,test/inductor/test_utils.py::test_ensure_fp4_dtype_registered 的依赖门槛与测试环境,需要真实 cutlass/cutlass_api 依赖（环境/第三方模块）；本次不安装，NPU Inductor 代码不必修改,原 skip 条件要求 CUDA 可用且安装 cutlass_api；当前缺少 cutlass_api，测试体跳过。,满足前置条件后试跑,确认兼容版本的真实 cutlass 和 cutlass_api 可在该环境导入后，可按实际依赖可用性运行主机端类型映射测试，避免把 CUDA 硬件可用性当作唯一前提。,实际执行 _ensure_fp4_dtype_registered，保留 FP4→Float4E2M1FN 与 float32→Float32 两项断言；禁止 mock 期望类型代替真实库。,当前直接缺少 cutlass_api，光删装饰器会变成导入失败。第三方包可能有额外 CUDA 运行依赖，需先确认可导入；即使执行通过也不证明 NPU FP4 算子或 CUTLASS kernel 可用。,已用隔离测试副本临时验证；原测试与已安装模块未修改。,batch-03-source-evidence.json#test_utils.py::test_ensure_fp4_dtype_registered; repair-source-evidence.json#torch/_inductor/utils.py::_ensure_fp4_dtype_registered,batch-03-results.json#test_utils.py::test_ensure_fp4_dtype_registered,2026-10-08,跳过,未改依赖条件，仍跳过 requires CUDA and cutlass_api；当前缺少真实 cutlass_api，未安装或模拟。,skip-validation/case-50.json,真实依赖具备后可作为主机端类型映射测试；暂不能计为已适配 NPU FP4。,跳过,
51,03,test_inplacing_pass.py,TestReinplacingPassCorrectness,test_dont_modify_live,失败,R02,A：优先尝试简单修复,index_put 的常量与输入放到同一设备,test/inductor/test_inplacing_pass.py::const、_test 及相应用例,否,全局 const=torch.tensor(0.0) 位于 CPU；_test 创建 NPU x/y，f(*inp) 中 index_put/index_put_ 拒绝跨设备 value。编译函数尚未执行。,不适用,将 device = GPU_TYPE 放在常量创建前，按 device 创建相同值和 dtype 的 0 维 const；或在每项测试建立同设备闭包常量。避免每次 forward 中额外搬运常量。,保留 eager/compiled 输出比较及 inp/inp2 比较；覆盖 live Tensor、view、输入是否被修改的原 5 项断言。,不更改 index_put 为其他算子，不删除输入突变检查；只解除 eager 的设备不一致首错。,方案评审；本轮未修改原测试或生产实现，未进行修复后 NPU 复测。,batch-03-source-evidence.json#test_inplacing_pass.py::test_dont_modify_live; batch-03-source-evidence.json#test_inplacing_pass.py::_test; batch-03-source-evidence.json#test_inplacing_pass.py::const,batch-03-results.json#test_inplacing_pass.py::test_dont_modify_live,2026-10-08,,,,,,
52,03,test_inplacing_pass.py,TestReinplacingPassCorrectness,test_dont_modify_view_of_live,失败,R02,A：优先尝试简单修复,index_put 的常量与输入放到同一设备,test/inductor/test_inplacing_pass.py::const、_test 及相应用例,否,全局 const=torch.tensor(0.0) 位于 CPU；_test 创建 NPU x/y，f(*inp) 中 index_put/index_put_ 拒绝跨设备 value。编译函数尚未执行。,不适用,将 device = GPU_TYPE 放在常量创建前，按 device 创建相同值和 dtype 的 0 维 const；或在每项测试建立同设备闭包常量。避免每次 forward 中额外搬运常量。,保留 eager/compiled 输出比较及 inp/inp2 比较；覆盖 live Tensor、view、输入是否被修改的原 5 项断言。,不更改 index_put 为其他算子，不删除输入突变检查；只解除 eager 的设备不一致首错。,方案评审；本轮未修改原测试或生产实现，未进行修复后 NPU 复测。,batch-03-source-evidence.json#test_inplacing_pass.py::test_dont_modify_view_of_live; batch-03-source-evidence.json#test_inplacing_pass.py::_test; batch-03-source-evidence.json#test_inplacing_pass.py::const,batch-03-results.json#test_inplacing_pass.py::test_dont_modify_view_of_live,2026-10-08,,,,,,
53,03,test_inplacing_pass.py,TestReinplacingPassCorrectness,test_dont_modify_input,失败,R02,A：优先尝试简单修复,index_put 的常量与输入放到同一设备,test/inductor/test_inplacing_pass.py::const、_test 及相应用例,否,全局 const=torch.tensor(0.0) 位于 CPU；_test 创建 NPU x/y，f(*inp) 中 index_put/index_put_ 拒绝跨设备 value。编译函数尚未执行。,不适用,将 device = GPU_TYPE 放在常量创建前，按 device 创建相同值和 dtype 的 0 维 const；或在每项测试建立同设备闭包常量。避免每次 forward 中额外搬运常量。,保留 eager/compiled 输出比较及 inp/inp2 比较；覆盖 live Tensor、view、输入是否被修改的原 5 项断言。,不更改 index_put 为其他算子，不删除输入突变检查；只解除 eager 的设备不一致首错。,方案评审；本轮未修改原测试或生产实现，未进行修复后 NPU 复测。,batch-03-source-evidence.json#test_inplacing_pass.py::test_dont_modify_input; batch-03-source-evidence.json#test_inplacing_pass.py::_test; batch-03-source-evidence.json#test_inplacing_pass.py::const,batch-03-results.json#test_inplacing_pass.py::test_dont_modify_input,2026-10-08,,,,,,
54,03,test_inplacing_pass.py,TestReinplacingPassCorrectness,test_should_modify_inner,失败,R02,A：优先尝试简单修复,index_put 的常量与输入放到同一设备,test/inductor/test_inplacing_pass.py::const、_test 及相应用例,否,全局 const=torch.tensor(0.0) 位于 CPU；_test 创建 NPU x/y，f(*inp) 中 index_put/index_put_ 拒绝跨设备 value。编译函数尚未执行。,不适用,将 device = GPU_TYPE 放在常量创建前，按 device 创建相同值和 dtype 的 0 维 const；或在每项测试建立同设备闭包常量。避免每次 forward 中额外搬运常量。,保留 eager/compiled 输出比较及 inp/inp2 比较；覆盖 live Tensor、view、输入是否被修改的原 5 项断言。,不更改 index_put 为其他算子，不删除输入突变检查；只解除 eager 的设备不一致首错。,方案评审；本轮未修改原测试或生产实现，未进行修复后 NPU 复测。,batch-03-source-evidence.json#test_inplacing_pass.py::test_should_modify_inner; batch-03-source-evidence.json#test_inplacing_pass.py::_test; batch-03-source-evidence.json#test_inplacing_pass.py::const,batch-03-results.json#test_inplacing_pass.py::test_should_modify_inner,2026-10-08,,,,,,
55,03,test_inplacing_pass.py,TestReinplacingPassCorrectness,test_should_modify_input,失败,R02,A：优先尝试简单修复,index_put 的常量与输入放到同一设备,test/inductor/test_inplacing_pass.py::const、_test 及相应用例,否,全局 const=torch.tensor(0.0) 位于 CPU；_test 创建 NPU x/y，f(*inp) 中 index_put/index_put_ 拒绝跨设备 value。编译函数尚未执行。,不适用,将 device = GPU_TYPE 放在常量创建前，按 device 创建相同值和 dtype 的 0 维 const；或在每项测试建立同设备闭包常量。避免每次 forward 中额外搬运常量。,保留 eager/compiled 输出比较及 inp/inp2 比较；覆盖 live Tensor、view、输入是否被修改的原 5 项断言。,不更改 index_put 为其他算子，不删除输入突变检查；只解除 eager 的设备不一致首错。,方案评审；本轮未修改原测试或生产实现，未进行修复后 NPU 复测。,batch-03-source-evidence.json#test_inplacing_pass.py::test_should_modify_input; batch-03-source-evidence.json#test_inplacing_pass.py::_test; batch-03-source-evidence.json#test_inplacing_pass.py::const,batch-03-results.json#test_inplacing_pass.py::test_should_modify_input,2026-10-08,,,,,,
63,03,test_inductor_annotations.py,InductorAnnotationTestCase,test_training_annotation,失败,R20,E：不列入简单修复,训练标注的 NVTX 与 NPU profiler 语义适配,torch_npu/_inductor wrapper + NPU profiler/range 接口,可能涉及 torch_npu profiler/runtime；原接口为 torch/cuda/nvtx.py,annotate_training=True 生成 NVTX device range 调用，当前 torch.cuda.nvtx._NVTXStub 无 deviceRangeStart。,不适用,为 NPU 生成具有 begin/end 生命周期和 profiler 关联的标注，测试 NPU 对应输出。,annotation=True 确实产生可观测范围、成对结束且异常路径不泄漏。,将 NVTX 函数设为 no-op 或删去标注检查不是修复，当前缺少可直接替换的等价接口证据。,方案评审；本轮未修改原测试或生产实现，未进行修复后 NPU 复测。,batch-03-source-evidence.json#test_inductor_annotations.py::test_training_annotation; runtime-source-evidence.json#torch/cuda/nvtx.py::_device_range_start,batch-03-results.json#test_inductor_annotations.py::test_training_annotation,2026-10-08,,,,,,
68,04,test_alignment.py,GPUTests,test_no_align_for_custom_op_2d,失败,R03,A：优先尝试简单修复,测试 custom op 增加 PrivateUse1 kernel 注册,test/inductor/test_torchinductor.py::define_custom_op_for_test,否（该 helper 属于测试代码）,define_custom_op_for_test 仅注册 CPU/CUDA/XPU/MPS/Meta，没有 PrivateUse1；CPU fallback 回 NPU 后实际 stride[0]=1024，meta 预期1040。,不适用,在现有 CPU/CUDA/XPU/MPS/Meta 注册旁，为 PrivateUse1 注册同一个 fn；保持原 fn_meta 和错误 Meta 版本。无需修改生产 dispatcher。,正确 Meta 项检查数值和 stride；错误 Meta 项仍要求 storage_offset=1 导致的对齐错误，不能仅要求任意异常。,首错消失后 NPU wrapper 是否生成原 alignment assert 仍须验证；不能放宽对齐断言来保证通过。,方案评审；本轮未修改原测试或生产实现，未进行修复后 NPU 复测。,batch-04-source-evidence.json#test_alignment.py::test_no_align_for_custom_op_2d; runtime-source-evidence.json#test_torchinductor.py::define_custom_op_for_test,batch-04-results.json#test_alignment.py::test_no_align_for_custom_op_2d,2026-10-08,,,,,,
69,04,test_alignment.py,GPUTests,test_incorrect_meta_for_custom_op_2d,失败,R03,A：优先尝试简单修复,测试 custom op 增加 PrivateUse1 kernel 注册,test/inductor/test_torchinductor.py::define_custom_op_for_test,否（该 helper 属于测试代码）,define_custom_op_for_test 仅注册 CPU/CUDA/XPU/MPS/Meta，没有 PrivateUse1；CPU fallback 回 NPU 后实际 stride[0]=1024，meta 预期1040。 原测试预期 storage_offset 引起的16字节对齐错误，却先得到 stride 错误，正则不匹配。,不适用,在现有 CPU/CUDA/XPU/MPS/Meta 注册旁，为 PrivateUse1 注册同一个 fn；保持原 fn_meta 和错误 Meta 版本。无需修改生产 dispatcher。,正确 Meta 项检查数值和 stride；错误 Meta 项仍要求 storage_offset=1 导致的对齐错误，不能仅要求任意异常。,首错消失后 NPU wrapper 是否生成原 alignment assert 仍须验证；不能放宽对齐断言来保证通过。,方案评审；本轮未修改原测试或生产实现，未进行修复后 NPU 复测。,batch-04-source-evidence.json#test_alignment.py::test_incorrect_meta_for_custom_op_2d; runtime-source-evidence.json#test_torchinductor.py::define_custom_op_for_test,batch-04-results.json#test_alignment.py::test_incorrect_meta_for_custom_op_2d,2026-10-08,,,,,,
73,04,test_alignment.py,GPUTests,test_Q4_K_dequantization,失败,R12,D：外部模块的局部修复候选,右移输出按广播形状分配,op-plugin/op_plugin/ops/opapi/__Rshift__KernelNpuOpApi.cpp 的 Tensor-Tensor 重载,是：op-plugin 的 eager C++ 算子，不在 torch_npu/_inductor,"aclnnRightShift 要求输出 [221184,4,2,32]，实际预分配 [221184,4,1,32]；尚未进入 torch.compile。",不适用,按 self 与 other 的广播形状分配输出，沿用正确 dtype/device，替换当前仅按 self 分配的输出。不要修改原 Q4_K 输入 shape 或先手工 expand 来隐藏算子缺陷。,先验证原 eager 右移广播，再跑完整 Q4_K；补 Tensor/Scalar、非连续和 dtype/类型提升契约检查，确认兼容 fallback。,局部 C++ 修改候选，需构建部署；现有源码是本地 op-plugin 机制对照，实施前核对远端对应算子源码。当前只知道 eager 首错，后续编译尚未验证。,方案评审；本轮未修改原测试或生产实现，未进行修复后 NPU 复测。,batch-04-source-evidence.json#test_alignment.py::test_Q4_K_dequantization; runtime-source-evidence.json#op_plugin/ops/opapi/__Rshift__KernelNpuOpApi.cpp::__rshift__,batch-04-results.json#test_alignment.py::test_Q4_K_dequantization,2026-10-08,,,,,,
74,04,test_smoke.py,SmokeTest,test_mlp,失败,R04,A：优先尝试简单修复,NPU benchmark 设备表排除 CUDA 迁移别名,torch_npu/_inductor/__init__.py::_load_triton_backend；82 也可只改测试 benchmark_gpu 调用,否,_get_default_gpu_device_type 同时将 cuda 别名与 npu 判为可用，触发 len(avail_gpus)<=1 断言。,不适用,在 NPU backend 初始化设备表时，仅在确认 cuda 为 NPU 迁移别名的模式下排除重复 cuda 条目；保留真实 CUDA/XPU 等后端。82 可直接传 device_type=device，保留 helper 复用断言。,复测 8 项；检查只启用 NPU、存在真实 CUDA、CPU 无设备三种选择逻辑。82 继续检查事件、缓冲区大小和设备；187 继续检查 BMM 代码断言。,"当前环境是 +cpu torch 加 transfer；不能对所有平台无条件设为 (""npu"",)。只修公共首错，conv_bn helper 的后续循环和 vmap 的分解断言可能仍失败。",方案评审；本轮未修改原测试或生产实现，未进行修复后 NPU 复测。,batch-04-source-evidence.json#test_smoke.py::test_mlp; runtime-source-evidence.json#torch/_inductor/runtime/benchmarking.py::_get_default_gpu_device_type; runtime-source-evidence.json#torch_npu/_inductor/__init__.py::GPU_BENCHMARK_DEVICE_TYPES; repair-source-evidence.json#torch_npu/contrib/transfer_to_npu.py::_patch_cuda,batch-04-results.json#test_smoke.py::test_mlp,2026-10-08,,,,,,
75,04,test_smoke.py,SmokeTest,test_compile_decorator,失败,R18,E：不列入简单修复,CUDA allocator/graph capture 接口误用,torch/_inductor/cudagraph_utils.py 与 NPU graph/allocator runtime 集成,完整方案可能涉及 torch/_inductor、torch_npu runtime，不能仅承诺 NPU Inductor 改动,mode=max-autotune 开启图捕获路径；check_caching_allocator_for_cudagraphs 调用 torch._C._cuda_cudaCachingAllocator_is_enabled，CPU torch 构建无该符号。,不适用,按真实后端接入 allocator 和图捕获能力检查；需要 NPU 等价 capture/replay 契约。,保留 max-autotune/reduce-overhead 原模式并验证实际 graph 行为；44 后续仍要检查 lookup 接入。,"getattr(..., lambda: True)、关闭 cudagraphs、改 compile mode 只能避开目标，不作为简单功能修复。",方案评审；本轮未修改原测试或生产实现，未进行修复后 NPU 复测。,batch-04-source-evidence.json#test_smoke.py::test_compile_decorator; runtime-source-evidence.json#torch/_inductor/cudagraph_utils.py::check_caching_allocator_for_cudagraphs,batch-04-results.json#test_smoke.py::test_compile_decorator,2026-10-08,,,,,,
82,04,test_benchmarking.py,TestBenchmarker,test_torch_profiler_benchmarker_reuses_inductor_helpers,失败,R04,A：优先尝试简单修复,NPU benchmark 设备表排除 CUDA 迁移别名,torch_npu/_inductor/__init__.py::_load_triton_backend；82 也可只改测试 benchmark_gpu 调用,否,_get_default_gpu_device_type 同时将 cuda 别名与 npu 判为可用，触发 len(avail_gpus)<=1 断言。,不适用,在 NPU backend 初始化设备表时，仅在确认 cuda 为 NPU 迁移别名的模式下排除重复 cuda 条目；保留真实 CUDA/XPU 等后端。82 可直接传 device_type=device，保留 helper 复用断言。,复测 8 项；检查只启用 NPU、存在真实 CUDA、CPU 无设备三种选择逻辑。82 继续检查事件、缓冲区大小和设备；187 继续检查 BMM 代码断言。,"当前环境是 +cpu torch 加 transfer；不能对所有平台无条件设为 (""npu"",)。只修公共首错，conv_bn helper 的后续循环和 vmap 的分解断言可能仍失败。",方案评审；本轮未修改原测试或生产实现，未进行修复后 NPU 复测。,batch-04-source-evidence.json#test_benchmarking.py::test_torch_profiler_benchmarker_reuses_inductor_helpers; runtime-source-evidence.json#torch/_inductor/runtime/benchmarking.py::_get_default_gpu_device_type; runtime-source-evidence.json#torch_npu/_inductor/__init__.py::GPU_BENCHMARK_DEVICE_TYPES; repair-source-evidence.json#torch_npu/contrib/transfer_to_npu.py::_patch_cuda,batch-04-results.json#test_benchmarking.py::test_torch_profiler_benchmarker_reuses_inductor_helpers,2026-10-08,,,,,,
83,04,test_efficient_conv_bn_eval.py,EfficientConvBNEvalGpuTests,test_conv_bn_eval,失败,R04,A：优先尝试简单修复,NPU benchmark 设备表排除 CUDA 迁移别名,torch_npu/_inductor/__init__.py::_load_triton_backend；82 也可只改测试 benchmark_gpu 调用,否,清单名称为 test_basic 的内部 helper；补跑 EfficientConvBNEvalGpuTests::test_basic_npu，首个 Linear/BN 组合在 pad_mm benchmark 的重复设备枚举断言失败。,不适用,在 NPU backend 初始化设备表时，仅在确认 cuda 为 NPU 迁移别名的模式下排除重复 cuda 条目；保留真实 CUDA/XPU 等后端。82 可直接传 device_type=device，保留 helper 复用断言。,复测 8 项；检查只启用 NPU、存在真实 CUDA、CPU 无设备三种选择逻辑。82 继续检查事件、缓冲区大小和设备；187 继续检查 BMM 代码断言。,"当前环境是 +cpu torch 加 transfer；不能对所有平台无条件设为 (""npu"",)。只修公共首错，conv_bn helper 的后续循环和 vmap 的分解断言可能仍失败。",方案评审；本轮未修改原测试或生产实现，未进行修复后 NPU 复测。,batch-04-source-evidence.json#test_efficient_conv_bn_eval.py::test_conv_bn_eval; runtime-source-evidence.json#torch/_inductor/runtime/benchmarking.py::_get_default_gpu_device_type; batch-04-source-evidence.json#test_efficient_conv_bn_eval.py::test_basic; runtime-source-evidence.json#torch_npu/_inductor/__init__.py::GPU_BENCHMARK_DEVICE_TYPES; repair-source-evidence.json#torch_npu/contrib/transfer_to_npu.py::_patch_cuda,batch-04-results.json#test_efficient_conv_bn_eval.py::test_conv_bn_eval,2026-10-08,,,,,,
86,05,test_inplace_padding.py,InplacePaddingTest,test_pad_non_zero,失败,R09,B：有条件的小改候选,NPU autotuner 补齐确定性 benchmark 契约,torch_npu/_inductor/runtime/triton_heuristics.py::_bench_with_launch_args,否,测试类启用 config.deterministic；NPUCachingAutotuner._bench_with_launch_args 调 benchmark_gpu 未提供 vetted 标记，may_ban_benchmarking 抛 RuntimeError。,不适用,参考当前 torch CachingAutotuner.bench 已传递 is_vetted_benchmarking=True 的调用，核对 NPU 候选和输入 reset/clone 语义后传递该标记；仅批准已确认不会改变确定性结果的候选范围。,复测 6 项及重复运行一致性，特别检查 reduction/atomic、自定义 kernel 和会修改输入的候选；确认 benchmark 不把被修改的数据带入后续候选。,可能仅一处参数传递，但不能只为压下 RuntimeError 全局设置 vetted=True 或关闭 deterministic。核对范围前不列为无条件简单修复。,方案评审；本轮未修改原测试或生产实现，未进行修复后 NPU 复测。,batch-05-source-evidence.json#test_inplace_padding.py::test_pad_non_zero; runtime-source-evidence.json#torch_npu/_inductor/runtime/triton_heuristics.py::_bench_with_launch_args; runtime-source-evidence.json#torch/_inductor/runtime/benchmarking.py::may_ban_benchmarking; repair-source-evidence.json#torch/_inductor/runtime/triton_heuristics.py::bench,batch-05-results.json#test_inplace_padding.py::test_pad_non_zero,2026-10-08,,,,,,
87,05,test_inplace_padding.py,InplacePaddingTest,test_pad_non_zero_cpp_wrapper,失败,R09,B：有条件的小改候选,NPU autotuner 补齐确定性 benchmark 契约,torch_npu/_inductor/runtime/triton_heuristics.py::_bench_with_launch_args,否,测试类启用 config.deterministic；NPUCachingAutotuner._bench_with_launch_args 调 benchmark_gpu 未提供 vetted 标记，may_ban_benchmarking 抛 RuntimeError。,不适用,参考当前 torch CachingAutotuner.bench 已传递 is_vetted_benchmarking=True 的调用，核对 NPU 候选和输入 reset/clone 语义后传递该标记；仅批准已确认不会改变确定性结果的候选范围。,复测 6 项及重复运行一致性，特别检查 reduction/atomic、自定义 kernel 和会修改输入的候选；确认 benchmark 不把被修改的数据带入后续候选。,可能仅一处参数传递，但不能只为压下 RuntimeError 全局设置 vetted=True 或关闭 deterministic。核对范围前不列为无条件简单修复。,方案评审；本轮未修改原测试或生产实现，未进行修复后 NPU 复测。,batch-05-source-evidence.json#test_inplace_padding.py::test_pad_non_zero_cpp_wrapper; runtime-source-evidence.json#torch_npu/_inductor/runtime/triton_heuristics.py::_bench_with_launch_args; runtime-source-evidence.json#torch/_inductor/runtime/benchmarking.py::may_ban_benchmarking; repair-source-evidence.json#torch/_inductor/runtime/triton_heuristics.py::bench,batch-05-results.json#test_inplace_padding.py::test_pad_non_zero_cpp_wrapper,2026-10-08,,,,,,
89,05,test_inplace_padding.py,InplacePaddingTest,test_mutating_padding_input,失败,R09,B：有条件的小改候选,NPU autotuner 补齐确定性 benchmark 契约,torch_npu/_inductor/runtime/triton_heuristics.py::_bench_with_launch_args,否,测试类启用 config.deterministic；NPUCachingAutotuner._bench_with_launch_args 调 benchmark_gpu 未提供 vetted 标记，may_ban_benchmarking 抛 RuntimeError。,不适用,参考当前 torch CachingAutotuner.bench 已传递 is_vetted_benchmarking=True 的调用，核对 NPU 候选和输入 reset/clone 语义后传递该标记；仅批准已确认不会改变确定性结果的候选范围。,复测 6 项及重复运行一致性，特别检查 reduction/atomic、自定义 kernel 和会修改输入的候选；确认 benchmark 不把被修改的数据带入后续候选。,可能仅一处参数传递，但不能只为压下 RuntimeError 全局设置 vetted=True 或关闭 deterministic。核对范围前不列为无条件简单修复。,方案评审；本轮未修改原测试或生产实现，未进行修复后 NPU 复测。,batch-05-source-evidence.json#test_inplace_padding.py::test_mutating_padding_input; runtime-source-evidence.json#torch_npu/_inductor/runtime/triton_heuristics.py::_bench_with_launch_args; runtime-source-evidence.json#torch/_inductor/runtime/benchmarking.py::may_ban_benchmarking; repair-source-evidence.json#torch/_inductor/runtime/triton_heuristics.py::bench,batch-05-results.json#test_inplace_padding.py::test_mutating_padding_input,2026-10-08,,,,,,
90,05,test_inplace_padding.py,InplacePaddingTest,test_mutating_padding_output,失败,R09,B：有条件的小改候选,NPU autotuner 补齐确定性 benchmark 契约,torch_npu/_inductor/runtime/triton_heuristics.py::_bench_with_launch_args,否,测试类启用 config.deterministic；NPUCachingAutotuner._bench_with_launch_args 调 benchmark_gpu 未提供 vetted 标记，may_ban_benchmarking 抛 RuntimeError。,不适用,参考当前 torch CachingAutotuner.bench 已传递 is_vetted_benchmarking=True 的调用，核对 NPU 候选和输入 reset/clone 语义后传递该标记；仅批准已确认不会改变确定性结果的候选范围。,复测 6 项及重复运行一致性，特别检查 reduction/atomic、自定义 kernel 和会修改输入的候选；确认 benchmark 不把被修改的数据带入后续候选。,可能仅一处参数传递，但不能只为压下 RuntimeError 全局设置 vetted=True 或关闭 deterministic。核对范围前不列为无条件简单修复。,方案评审；本轮未修改原测试或生产实现，未进行修复后 NPU 复测。,batch-05-source-evidence.json#test_inplace_padding.py::test_mutating_padding_output; runtime-source-evidence.json#torch_npu/_inductor/runtime/triton_heuristics.py::_bench_with_launch_args; runtime-source-evidence.json#torch/_inductor/runtime/benchmarking.py::may_ban_benchmarking; repair-source-evidence.json#torch/_inductor/runtime/triton_heuristics.py::bench,batch-05-results.json#test_inplace_padding.py::test_mutating_padding_output,2026-10-08,,,,,,
91,05,test_inplace_padding.py,InplacePaddingTest,test_linear_and_cel,失败,R09,B：有条件的小改候选,NPU autotuner 补齐确定性 benchmark 契约,torch_npu/_inductor/runtime/triton_heuristics.py::_bench_with_launch_args,否,测试类启用 config.deterministic；NPUCachingAutotuner._bench_with_launch_args 调 benchmark_gpu 未提供 vetted 标记，may_ban_benchmarking 抛 RuntimeError。,不适用,参考当前 torch CachingAutotuner.bench 已传递 is_vetted_benchmarking=True 的调用，核对 NPU 候选和输入 reset/clone 语义后传递该标记；仅批准已确认不会改变确定性结果的候选范围。,复测 6 项及重复运行一致性，特别检查 reduction/atomic、自定义 kernel 和会修改输入的候选；确认 benchmark 不把被修改的数据带入后续候选。,可能仅一处参数传递，但不能只为压下 RuntimeError 全局设置 vetted=True 或关闭 deterministic。核对范围前不列为无条件简单修复。,方案评审；本轮未修改原测试或生产实现，未进行修复后 NPU 复测。,batch-05-source-evidence.json#test_inplace_padding.py::test_linear_and_cel; runtime-source-evidence.json#torch_npu/_inductor/runtime/triton_heuristics.py::_bench_with_launch_args; runtime-source-evidence.json#torch/_inductor/runtime/benchmarking.py::may_ban_benchmarking; repair-source-evidence.json#torch/_inductor/runtime/triton_heuristics.py::bench,batch-05-results.json#test_inplace_padding.py::test_linear_and_cel,2026-10-08,,,,,,
92,05,test_inplace_padding.py,InplacePaddingTest,test_linear_and_cel_max_autotune,失败,R09,B：有条件的小改候选,NPU autotuner 补齐确定性 benchmark 契约,torch_npu/_inductor/runtime/triton_heuristics.py::_bench_with_launch_args,否,测试类启用 config.deterministic；NPUCachingAutotuner._bench_with_launch_args 调 benchmark_gpu 未提供 vetted 标记，may_ban_benchmarking 抛 RuntimeError。,不适用,参考当前 torch CachingAutotuner.bench 已传递 is_vetted_benchmarking=True 的调用，核对 NPU 候选和输入 reset/clone 语义后传递该标记；仅批准已确认不会改变确定性结果的候选范围。,复测 6 项及重复运行一致性，特别检查 reduction/atomic、自定义 kernel 和会修改输入的候选；确认 benchmark 不把被修改的数据带入后续候选。,可能仅一处参数传递，但不能只为压下 RuntimeError 全局设置 vetted=True 或关闭 deterministic。核对范围前不列为无条件简单修复。,方案评审；本轮未修改原测试或生产实现，未进行修复后 NPU 复测。,batch-05-source-evidence.json#test_inplace_padding.py::test_linear_and_cel_max_autotune; runtime-source-evidence.json#torch_npu/_inductor/runtime/triton_heuristics.py::_bench_with_launch_args; runtime-source-evidence.json#torch/_inductor/runtime/benchmarking.py::may_ban_benchmarking; repair-source-evidence.json#torch/_inductor/runtime/triton_heuristics.py::bench,batch-05-results.json#test_inplace_padding.py::test_linear_and_cel_max_autotune,2026-10-08,,,,,,
93,05,test_triton_extension_backend.py,TritonExtensionBackendTests,test_open_device_registration,失败,R11,B：有条件的小改候选,dummy PrivateUse1 注册测试进程隔离,test/inductor/test_triton_extension_backend.py、test_extension_backend.py 的测试 fixture,否（测试基础设施）,"独立进程中 torch._register_device_module(privateuseone, dummy_module) 报 npu runtime 已注册；批量时另有 teardown 删除 torch.npu 的连带错误。",不适用,在未导入 torch_npu、未自动加载 NPU 后端的独立进程运行原 dummy PrivateUse1 测试；测试清理只删除自己注册的模块，或恢复进入测试前的注册，不删除原 torch.npu。,完整保留 backend/DeviceInterface 注册及生成代码断言；运行后父进程 NPU 仍可用。,属于测试前提修正，不能使一个进程内同时存在两个 PrivateUse1 runtime；子进程必须验证整个 dummy 用例，而不是只检查注册不报错。,方案评审；本轮未修改原测试或生产实现，未进行修复后 NPU 复测。,batch-05-source-evidence.json#test_triton_extension_backend.py::test_open_device_registration,batch-05-registration-isolated.json#test_triton_extension_backend.py::test_open_device_registration; batch-05-initial-results.json,2026-10-08,,,,,,
94,05,test_triton_extension_backend.py,TritonExtensionBackendTests,test_codegen_with_custom_heuristics_module,失败,R10,B：有条件的小改候选,编译子进程可导入测试 heuristics 模块,test/inductor/test_triton_extension_backend.py::_register_custom_backend_with_heuristics 及测试进程 fixture,否,生成源码 import extension_triton_heuristics，worker 抛 ModuleNotFoundError；测试只给父进程追加 sys.path。,不适用,让 extension_backends/triton 在创建编译 worker 前进入其模块搜索路径，或使用已可导入的完整包名并同步生成 import 与 pickle 引用；fixture 要恢复原搜索路径和已存在的 NPU 注册。,新建 worker 和复用 worker 均检查导入/反序列化；保留生成代码的自定义 import、meta 字段、triton.jit 检查，随后单独确认执行输出。,父进程 sys.path 已追加，不能重复同一修复；仅改父进程运行时 PYTHONPATH 对已启动 worker 无效。95 已有独立 launch 地址错误，不能被此方案算作修复。,方案评审；本轮未修改原测试或生产实现，未进行修复后 NPU 复测。,batch-05-source-evidence.json#test_triton_extension_backend.py::test_codegen_with_custom_heuristics_module; repair-source-evidence.json#test_triton_extension_backend.py::_register_custom_backend_with_heuristics,batch-05-results.json#test_triton_extension_backend.py::test_codegen_with_custom_heuristics_module,2026-10-08,,,,,,
95,05,test_triton_extension_backend.py,TritonExtensionBackendTests,test_codegen_with_custom_heuristics_module_udtk,失败,R21,E：不列入简单修复,自定义扩展 UDTK launch 地址错误待定位,扩展测试 backend、NPU launcher/生成 kernel 参数,未定；可能涉及 Triton driver/runtime，不能承诺仅修改 Inductor,批量时受前项 teardown 删除 torch.npu 连带影响；独立进程重跑后实际触发 AIVEC error 334：SIMT invalid GM address/cross-device access timeout。,不适用,保存 kernel 与 launcher 实参，对照原生 NPU backend，定位 grid、指针、metadata 不一致后再决定修复位置。,无非法地址/跨设备超时，输出正确，且确实使用自定义 heuristics。,修测试 tearDown 或模块路径不能覆盖独立进程中仍出现的 AIVEC 334；不能先列为简单修复。,方案评审；本轮未修改原测试或生产实现，未进行修复后 NPU 复测。,batch-05-source-evidence.json#test_triton_extension_backend.py::test_codegen_with_custom_heuristics_module_udtk,batch-05-udtk-isolated.json#test_triton_extension_backend.py::test_codegen_with_custom_heuristics_module_udtk; batch-05-initial-results.json,2026-10-08,,,,,,
96,05,test_compile_subprocess.py,GPUTests; TestSubprocess,test_progressive,跳过,S05,B：有条件的小改候选,progressive compile 的 NPU 能力与性能条件,test/inductor/test_compile_subprocess.py 的门槛/benchmark 设备适配；NPU Inductor 集成,可能涉及 torch/_inductor/compile_fx_async.py、compile_fx_ext.py；当前不能承诺仅改测试,"@skipIf(not IS_BIG_GPU, ""Skipping triton backend only since not big GPU (not enough SM)"") 跳过。",满足前置条件后试跑,用 NPU progressive 编译、模板和测时能力条件替代 CUDA SM 门槛；保留后台优化流程。若 triton.testing.do_bench 的设备假设不适用，改用真实 NPU 事件计时；不只强设 IS_BIG_GPU=True。,两个收集实例均检查 fast_runs、bg_started/bg_finished、optimized_runs==4、max_autotune 产物和优化版确实快于 baseline；保留超时机制，并增加同输入数值比较。,只是解除误门槛的条件性候选，不是已确认的完整简单修复。已有异步编译 R22 的序列化问题是风险线索，未证实本项必然同错；也不能删掉严格性能断言将其伪装成原用例通过。,已用隔离测试副本临时验证；原测试与已安装模块未修改。,batch-05-source-evidence.json#test_compile_subprocess.py::test_progressive; repair-source-evidence.json#torch/_inductor/utils.py::is_big_gpu,batch-05-results.json#test_compile_subprocess.py::test_progressive,2026-10-08,失败,两个实例均在后台子进程恢复 lowering 状态时失败：force_fallback 要求 OpOverload，实际 key 不满足（R22）。未完成后台优化计数、max-autotune 产物和性能断言。,skip-validation/case-96.json,保留原要求；先修 lowering 的跨进程序列化兼容，不能仅解除 SM 跳过或关闭异步优化。,失败,
97,05,test_compile_subprocess.py,GPUTests; TestSubprocess,test_async,失败,R22,E：不列入简单修复,fallback 序列化条目类型契约待确认,torch/_inductor/compile_fx_ext.py、lowering registry 与 NPU fallback 注册,可能需改社区 torch/_inductor；违规 key 尚未记录,_LoweringSerializerContextManager 恢复父进程 fallback 时把非 OpOverload 的 key 传给 force_fallback，触发 Only OpOverload 断言。,不适用,先记录非 OpOverload key 的真实类型和来源，再修注册或序列化恢复协议。,两个参数化实例、父子 registry 等价及对应 fallback 行为都验证。,简单过滤掉非 OpOverload 条目会静默丢失 lowering，不是合理修复；不能根据当前栈承诺一行 isinstance 即可。,方案评审；本轮未修改原测试或生产实现，未进行修复后 NPU 复测。,batch-05-source-evidence.json#test_compile_subprocess.py::test_async; runtime-source-evidence.json#torch/_inductor/compile_fx_ext.py::_LoweringSerializerContextManager; runtime-source-evidence.json#torch/_inductor/lowering.py::force_fallback,batch-05-results.json#test_compile_subprocess.py::test_async,2026-10-08,,,,,,
128,07,test_torchinductor.py,GPUTests,test_logaddexp,失败,R23,E：不列入简单修复,complex64 logaddexp 未支持,NPU eager logaddexp、复数分解及编译支持,是：eager 算子/op-plugin/CANN，可能还需编译支持,aclnnLogAddExp 明确拒绝 DT_COMPLEX64；未进入 compiled/eager 对比。,不适用,若只维护测试矩阵，可仿照原 CUDA/XPU 装饰器为 NPU 标记精确 skip；真实功能修复需要复数 logaddexp 实现。,功能修复需覆盖复数对数分支与数值稳定性。,添加 skip 可防止无意义红例，但不是通过；换成 real 输入会删除本项的 complex64 目标。,方案评审；本轮未修改原测试或生产实现，未进行修复后 NPU 复测。,batch-07-source-evidence.json#test_torchinductor.py::test_logaddexp,batch-07-results.json#test_torchinductor.py::test_logaddexp,2026-10-08,,,,,,
131,07,test_torchinductor.py,GPUTests,test_round_correctness,失败,R08,C：简单适配但改变 dtype 覆盖,新增受支持 dtype 的 NPU 等价功能用例,对应测试方法中的 dtype 选择，仅限 NPU 分支,否；完整 fp64 修复涉及算子/Triton 编译器,生成代码 tl.static_assert(tmp0.dtype == tl.float64) 后调用 libdevice.nearbyint；实际实现只接受 fp32，所有配置编译失败。,不适用,17 可增加 float32 的 any/isinf/Inf 变体；131 增加 float32 round 边界变体；210 的 y 是全 1，可使用 float32 验证原动态 shape/gather 流程；224 可参照既有 MPS 分支增加 NPU 的 bf16/fp32/bool 转换变体。,保留原运算、数值断言和 shape 分支；新变体明确命名或参数化 dtype。原 float64 覆盖单列为未支持/待修，不覆盖其历史结果。,代码改动小但减少/替换 dtype 覆盖；只在目标接受“验证 NPU 已支持类型”时建议采用。不能声称修好了原 fp64 用例；182 的目标就是 float64 linear，不能用此方法修。,方案评审；本轮未修改原测试或生产实现，未进行修复后 NPU 复测。,batch-07-source-evidence.json#test_torchinductor.py::test_round_correctness; runtime-source-evidence.json#triton/language/extra/cann/libdevice.py::nearbyint; runtime-source-evidence.json#torch/testing/_internal/common_dtype.py::highest_precision_float,batch-07-results.json#test_torchinductor.py::test_round_correctness,2026-10-08,,,,,,
132,07,test_torchinductor.py,GPUTests,test_builtins_round,失败,R01,A：优先尝试简单修复,FX dtype pass 先确认 Tensor 再访问 dtype,torch_npu/_inductor/fx_passes/ascend_custom_passes/ascend_graph_pass.py::dtype_optimal_pass,否,input_fake 是 SymFloat，优化 pass 在确认节点为 Tensor.to 前先读取 input_fake.dtype，抛出 AttributeError。,不适用,"局部修改 call_method 分支：先检查 node.target == ""to"" 且有输入，再仅对 Tensor/FakeTensor example_value 读取 dtype。其他标量方法跳过此 Tensor cast 优化，不跳过编译或 round。",复测 5 项 builtins_round 的动态标量及正/零/负 ndigits；同时验证原 Tensor.to 和 arange 优化未回退或改变数值。,这是当前 AttributeError 的小修复；后续 lowering 尚未运行到，不能承诺 5 项全部通过。,方案评审；本轮未修改原测试或生产实现，未进行修复后 NPU 复测。,batch-07-source-evidence.json#test_torchinductor.py::test_builtins_round; runtime-source-evidence.json#torch_npu/_inductor/fx_passes/ascend_custom_passes/ascend_graph_pass.py::dtype_optimal_pass,batch-07-results.json#test_torchinductor.py::test_builtins_round,2026-10-08,,,,,,
133,07,test_torchinductor.py,GPUTests,test_builtins_round_float_ndigits_pos,失败,R01,A：优先尝试简单修复,FX dtype pass 先确认 Tensor 再访问 dtype,torch_npu/_inductor/fx_passes/ascend_custom_passes/ascend_graph_pass.py::dtype_optimal_pass,否,input_fake 是 SymFloat，优化 pass 在确认节点为 Tensor.to 前先读取 input_fake.dtype，抛出 AttributeError。,不适用,"局部修改 call_method 分支：先检查 node.target == ""to"" 且有输入，再仅对 Tensor/FakeTensor example_value 读取 dtype。其他标量方法跳过此 Tensor cast 优化，不跳过编译或 round。",复测 5 项 builtins_round 的动态标量及正/零/负 ndigits；同时验证原 Tensor.to 和 arange 优化未回退或改变数值。,这是当前 AttributeError 的小修复；后续 lowering 尚未运行到，不能承诺 5 项全部通过。,方案评审；本轮未修改原测试或生产实现，未进行修复后 NPU 复测。,batch-07-source-evidence.json#test_torchinductor.py::test_builtins_round_float_ndigits_pos; runtime-source-evidence.json#torch_npu/_inductor/fx_passes/ascend_custom_passes/ascend_graph_pass.py::dtype_optimal_pass,batch-07-results.json#test_torchinductor.py::test_builtins_round_float_ndigits_pos,2026-10-08,,,,,,
134,07,test_torchinductor.py,GPUTests,test_builtins_round_float_ndigits_zero,失败,R01,A：优先尝试简单修复,FX dtype pass 先确认 Tensor 再访问 dtype,torch_npu/_inductor/fx_passes/ascend_custom_passes/ascend_graph_pass.py::dtype_optimal_pass,否,input_fake 是 SymFloat，优化 pass 在确认节点为 Tensor.to 前先读取 input_fake.dtype，抛出 AttributeError。,不适用,"局部修改 call_method 分支：先检查 node.target == ""to"" 且有输入，再仅对 Tensor/FakeTensor example_value 读取 dtype。其他标量方法跳过此 Tensor cast 优化，不跳过编译或 round。",复测 5 项 builtins_round 的动态标量及正/零/负 ndigits；同时验证原 Tensor.to 和 arange 优化未回退或改变数值。,这是当前 AttributeError 的小修复；后续 lowering 尚未运行到，不能承诺 5 项全部通过。,方案评审；本轮未修改原测试或生产实现，未进行修复后 NPU 复测。,batch-07-source-evidence.json#test_torchinductor.py::test_builtins_round_float_ndigits_zero; runtime-source-evidence.json#torch_npu/_inductor/fx_passes/ascend_custom_passes/ascend_graph_pass.py::dtype_optimal_pass,batch-07-results.json#test_torchinductor.py::test_builtins_round_float_ndigits_zero,2026-10-08,,,,,,
135,07,test_torchinductor.py,GPUTests,test_builtins_round_float_ndigits_neg,失败,R01,A：优先尝试简单修复,FX dtype pass 先确认 Tensor 再访问 dtype,torch_npu/_inductor/fx_passes/ascend_custom_passes/ascend_graph_pass.py::dtype_optimal_pass,否,input_fake 是 SymFloat，优化 pass 在确认节点为 Tensor.to 前先读取 input_fake.dtype，抛出 AttributeError。,不适用,"局部修改 call_method 分支：先检查 node.target == ""to"" 且有输入，再仅对 Tensor/FakeTensor example_value 读取 dtype。其他标量方法跳过此 Tensor cast 优化，不跳过编译或 round。",复测 5 项 builtins_round 的动态标量及正/零/负 ndigits；同时验证原 Tensor.to 和 arange 优化未回退或改变数值。,这是当前 AttributeError 的小修复；后续 lowering 尚未运行到，不能承诺 5 项全部通过。,方案评审；本轮未修改原测试或生产实现，未进行修复后 NPU 复测。,batch-07-source-evidence.json#test_torchinductor.py::test_builtins_round_float_ndigits_neg; runtime-source-evidence.json#torch_npu/_inductor/fx_passes/ascend_custom_passes/ascend_graph_pass.py::dtype_optimal_pass,batch-07-results.json#test_torchinductor.py::test_builtins_round_float_ndigits_neg,2026-10-08,,,,,,
136,07,test_torchinductor.py,GPUTests,test_builtins_round_float_ndigits_neg_uses_value_expr,失败,R01,A：优先尝试简单修复,FX dtype pass 先确认 Tensor 再访问 dtype,torch_npu/_inductor/fx_passes/ascend_custom_passes/ascend_graph_pass.py::dtype_optimal_pass,否,input_fake 是 SymFloat，优化 pass 在确认节点为 Tensor.to 前先读取 input_fake.dtype，抛出 AttributeError。,不适用,"局部修改 call_method 分支：先检查 node.target == ""to"" 且有输入，再仅对 Tensor/FakeTensor example_value 读取 dtype。其他标量方法跳过此 Tensor cast 优化，不跳过编译或 round。",复测 5 项 builtins_round 的动态标量及正/零/负 ndigits；同时验证原 Tensor.to 和 arange 优化未回退或改变数值。,这是当前 AttributeError 的小修复；后续 lowering 尚未运行到，不能承诺 5 项全部通过。,方案评审；本轮未修改原测试或生产实现，未进行修复后 NPU 复测。,batch-07-source-evidence.json#test_torchinductor.py::test_builtins_round_float_ndigits_neg_uses_value_expr; runtime-source-evidence.json#torch_npu/_inductor/fx_passes/ascend_custom_passes/ascend_graph_pass.py::dtype_optimal_pass,batch-07-results.json#test_torchinductor.py::test_builtins_round_float_ndigits_neg_uses_value_expr,2026-10-08,,,,,,
157,08,test_torchinductor.py,GPUTests,test_floordiv_div_by_zero_int,失败,R24,E：不列入简单修复,整数除零需先定义后端契约,test_torchinductor.py 负向契约、NPU eager floor_divide 与 lowering,统一 eager/compiled 可能需改 op-plugin/CANN；仅测试 skip 不需其他模块,首个 int32 全零除数输入，compiled 返回 0，NPU eager 返回 2147450751，8/8 元素不一致。,不适用,先确认整数除零应稳定返回还是报错，再设计精确 eager/compiled 断言与实现。,int32/int64、各被除数、非零除数回归。,不能把本次 eager 的 2147450751 写成预期常数，也不能删除零除数；当前没有可直接采用的稳定 NPU 契约。,方案评审；本轮未修改原测试或生产实现，未进行修复后 NPU 复测。,batch-08-source-evidence.json#test_torchinductor.py::test_floordiv_div_by_zero_int,batch-08-results.json#test_torchinductor.py::test_floordiv_div_by_zero_int,2026-10-08,,,,,,
163,09,test_torchinductor.py,GPUTests,test_large_tensor_reduction,跳过,S01,A：优先尝试简单修复,大张量内存检查识别 NPU 后执行原测试,test/inductor/test_torchinductor.py 的局部 NPU 大张量装饰器；或统一修改 common_device_type 内存检查,局部测试适配：否；统一方案：torch/testing/_internal/common_device_type.py，属额外测试基础设施模块,"largeTensorTest 调用 _has_sufficient_memory；其仅识别 cuda/xpu/xla/cpu/mps，npu 落入 SkipTest(""Unknown device type"")。不是实际测得显存不足。",优先适配后试跑,为 NPU 使用真实设备索引查询可用内存和进程配额，保留原 4/4/3/2 GiB 门槛及 cpp_wrapper 额外分配估计；其他后端沿用原 largeTensorTest。满足门槛才执行原方法，移除 Unknown device type 造成的误跳过。,保留 2^32 或 2^31+1 存储规模、末元素、stride=32 和 2^30 offset；分别检查 max 和完整 pointwise 输出。内存不足仍允许明确 skip，逐项串行运行。,优先解除测试工具误判，不等于已经验证 64 位索引能力。不能缩小到 int32 范围、永久返回内存充足或只看设备总容量；旁边大广播归约通过不能替代这些大存储场景。,已用隔离测试副本临时验证；原测试与已安装模块未修改。,batch-09-source-evidence.json#test_torchinductor.py::test_large_tensor_reduction; runtime-source-evidence.json#torch/testing/_internal/common_device_type.py::_has_sufficient_memory; runtime-source-evidence.json#torch/testing/_internal/common_device_type.py::largeTensorTest,batch-09-results.json#test_torchinductor.py::test_large_tensor_reduction,2026-10-08,通过,NPU 可用内存满足原 4 GiB 门槛；保留 2^32 个 int8 元素与末尾最大值 2，完整原用例通过。,skip-validation/case-163.json,建议增加测试局部 NPU 内存检查适配器，无需修改生产模块。,通过,
165,09,test_torchinductor.py,GPUTests,test_large_pointwise,跳过,S01,A：优先尝试简单修复,大张量内存检查识别 NPU 后执行原测试,test/inductor/test_torchinductor.py 的局部 NPU 大张量装饰器；或统一修改 common_device_type 内存检查,局部测试适配：否；统一方案：torch/testing/_internal/common_device_type.py，属额外测试基础设施模块,"largeTensorTest 调用 _has_sufficient_memory；其仅识别 cuda/xpu/xla/cpu/mps，npu 落入 SkipTest(""Unknown device type"")。不是实际测得显存不足。",优先适配后试跑,为 NPU 使用真实设备索引查询可用内存和进程配额，保留原 4/4/3/2 GiB 门槛及 cpp_wrapper 额外分配估计；其他后端沿用原 largeTensorTest。满足门槛才执行原方法，移除 Unknown device type 造成的误跳过。,保留 2^32 或 2^31+1 存储规模、末元素、stride=32 和 2^30 offset；分别检查 max 和完整 pointwise 输出。内存不足仍允许明确 skip，逐项串行运行。,优先解除测试工具误判，不等于已经验证 64 位索引能力。不能缩小到 int32 范围、永久返回内存充足或只看设备总容量；旁边大广播归约通过不能替代这些大存储场景。,已用隔离测试副本临时验证；原测试与已安装模块未修改。,batch-09-source-evidence.json#test_torchinductor.py::test_large_pointwise; runtime-source-evidence.json#torch/testing/_internal/common_device_type.py::_has_sufficient_memory; runtime-source-evidence.json#torch/testing/_internal/common_device_type.py::largeTensorTest,batch-09-results.json#test_torchinductor.py::test_large_pointwise,2026-10-08,通过,NPU 真实内存检查通过；保留 2^31+1 个 int8 元素逐元素加一及全量比较，完整原用例通过。,skip-validation/case-165.json,建议增加测试局部 NPU 内存检查适配器，无需修改生产模块。,通过,
166,09,test_torchinductor.py,GPUTests,test_large_offset_pointwise,跳过,S01,A：优先尝试简单修复,大张量内存检查识别 NPU 后执行原测试,test/inductor/test_torchinductor.py 的局部 NPU 大张量装饰器；或统一修改 common_device_type 内存检查,局部测试适配：否；统一方案：torch/testing/_internal/common_device_type.py，属额外测试基础设施模块,"largeTensorTest 调用 _has_sufficient_memory；其仅识别 cuda/xpu/xla/cpu/mps，npu 落入 SkipTest(""Unknown device type"")。不是实际测得显存不足。",优先适配后试跑,为 NPU 使用真实设备索引查询可用内存和进程配额，保留原 4/4/3/2 GiB 门槛及 cpp_wrapper 额外分配估计；其他后端沿用原 largeTensorTest。满足门槛才执行原方法，移除 Unknown device type 造成的误跳过。,保留 2^32 或 2^31+1 存储规模、末元素、stride=32 和 2^30 offset；分别检查 max 和完整 pointwise 输出。内存不足仍允许明确 skip，逐项串行运行。,优先解除测试工具误判，不等于已经验证 64 位索引能力。不能缩小到 int32 范围、永久返回内存充足或只看设备总容量；旁边大广播归约通过不能替代这些大存储场景。,已用隔离测试副本临时验证；原测试与已安装模块未修改。,batch-09-source-evidence.json#test_torchinductor.py::test_large_offset_pointwise; runtime-source-evidence.json#torch/testing/_internal/common_device_type.py::_has_sufficient_memory; runtime-source-evidence.json#torch/testing/_internal/common_device_type.py::largeTensorTest,batch-09-results.json#test_torchinductor.py::test_large_offset_pointwise,2026-10-08,通过,NPU 真实内存检查通过；保留 2^31+1 个 int8 存储、2^30 offset 与切片加四后的全量比较，完整原用例通过。,skip-validation/case-166.json,建议增加测试局部 NPU 内存检查适配器，无需修改生产模块。,通过,
167,09,test_torchinductor.py,GPUTests,test_large_strided_reduction,跳过,S01,A：优先尝试简单修复,大张量内存检查识别 NPU 后执行原测试,test/inductor/test_torchinductor.py 的局部 NPU 大张量装饰器；或统一修改 common_device_type 内存检查,局部测试适配：否；统一方案：torch/testing/_internal/common_device_type.py，属额外测试基础设施模块,"largeTensorTest 调用 _has_sufficient_memory；其仅识别 cuda/xpu/xla/cpu/mps，npu 落入 SkipTest(""Unknown device type"")。不是实际测得显存不足。",优先适配后试跑,为 NPU 使用真实设备索引查询可用内存和进程配额，保留原 4/4/3/2 GiB 门槛及 cpp_wrapper 额外分配估计；其他后端沿用原 largeTensorTest。满足门槛才执行原方法，移除 Unknown device type 造成的误跳过。,保留 2^32 或 2^31+1 存储规模、末元素、stride=32 和 2^30 offset；分别检查 max 和完整 pointwise 输出。内存不足仍允许明确 skip，逐项串行运行。,优先解除测试工具误判，不等于已经验证 64 位索引能力。不能缩小到 int32 范围、永久返回内存充足或只看设备总容量；旁边大广播归约通过不能替代这些大存储场景。,已用隔离测试副本临时验证；原测试与已安装模块未修改。,batch-09-source-evidence.json#test_torchinductor.py::test_large_strided_reduction; runtime-source-evidence.json#torch/testing/_internal/common_device_type.py::_has_sufficient_memory; runtime-source-evidence.json#torch/testing/_internal/common_device_type.py::largeTensorTest,batch-09-results.json#test_torchinductor.py::test_large_strided_reduction,2026-10-08,通过,NPU 可用内存满足原 2 GiB 门槛；保留 2^31+1 个 int8 存储、stride=32 与末尾最大值 2，完整原用例通过。,skip-validation/case-167.json,建议增加测试局部 NPU 内存检查适配器，无需修改生产模块。,通过,
182,10,test_torchinductor.py,GPUTests,test_linear_float64,失败,R25,E：不列入简单修复,float64 linear/addmm 能力缺失,NPU eager addmm/matmul 算子和后端精度支持,是：op-plugin/CANN 或其他 fp64 实现,aclnnAddmm 明确拒绝 DT_DOUBLE，支持 float/half/bfloat16；未进入编译结果验证。,不适用,保留原 float64 精度目标，补相应算子实现；不支持时明确能力 skip。,完整 float64 数值范围与 eager/compiled 一致性。,本项名称和目标就是 float64，换 float32 不能作为该用例修复。,方案评审；本轮未修改原测试或生产实现，未进行修复后 NPU 复测。,batch-10-source-evidence.json#test_torchinductor.py::test_linear_float64,batch-10-results.json#test_torchinductor.py::test_linear_float64,2026-10-08,,,,,,
183,10,test_torchinductor.py,GPUTests,test_linear1,失败,R04,A：优先尝试简单修复,NPU benchmark 设备表排除 CUDA 迁移别名,torch_npu/_inductor/__init__.py::_load_triton_backend；82 也可只改测试 benchmark_gpu 调用,否,_get_default_gpu_device_type 同时把 cuda 与 npu 视作可用，len(avail_gpus)<=1 断言失败。,不适用,在 NPU backend 初始化设备表时，仅在确认 cuda 为 NPU 迁移别名的模式下排除重复 cuda 条目；保留真实 CUDA/XPU 等后端。82 可直接传 device_type=device，保留 helper 复用断言。,复测 8 项；检查只启用 NPU、存在真实 CUDA、CPU 无设备三种选择逻辑。82 继续检查事件、缓冲区大小和设备；187 继续检查 BMM 代码断言。,"当前环境是 +cpu torch 加 transfer；不能对所有平台无条件设为 (""npu"",)。只修公共首错，conv_bn helper 的后续循环和 vmap 的分解断言可能仍失败。",方案评审；本轮未修改原测试或生产实现，未进行修复后 NPU 复测。,batch-10-source-evidence.json#test_torchinductor.py::test_linear1; runtime-source-evidence.json#torch/_inductor/runtime/benchmarking.py::_get_default_gpu_device_type; runtime-source-evidence.json#torch_npu/_inductor/__init__.py::GPU_BENCHMARK_DEVICE_TYPES; repair-source-evidence.json#torch_npu/contrib/transfer_to_npu.py::_patch_cuda,batch-10-results.json#test_torchinductor.py::test_linear1,2026-10-08,,,,,,
184,10,test_torchinductor.py,GPUTests,test_linear2,失败,R04,A：优先尝试简单修复,NPU benchmark 设备表排除 CUDA 迁移别名,torch_npu/_inductor/__init__.py::_load_triton_backend；82 也可只改测试 benchmark_gpu 调用,否,_get_default_gpu_device_type 同时把 cuda 与 npu 视作可用，len(avail_gpus)<=1 断言失败。,不适用,在 NPU backend 初始化设备表时，仅在确认 cuda 为 NPU 迁移别名的模式下排除重复 cuda 条目；保留真实 CUDA/XPU 等后端。82 可直接传 device_type=device，保留 helper 复用断言。,复测 8 项；检查只启用 NPU、存在真实 CUDA、CPU 无设备三种选择逻辑。82 继续检查事件、缓冲区大小和设备；187 继续检查 BMM 代码断言。,"当前环境是 +cpu torch 加 transfer；不能对所有平台无条件设为 (""npu"",)。只修公共首错，conv_bn helper 的后续循环和 vmap 的分解断言可能仍失败。",方案评审；本轮未修改原测试或生产实现，未进行修复后 NPU 复测。,batch-10-source-evidence.json#test_torchinductor.py::test_linear2; runtime-source-evidence.json#torch/_inductor/runtime/benchmarking.py::_get_default_gpu_device_type; runtime-source-evidence.json#torch_npu/_inductor/__init__.py::GPU_BENCHMARK_DEVICE_TYPES; repair-source-evidence.json#torch_npu/contrib/transfer_to_npu.py::_patch_cuda,batch-10-results.json#test_torchinductor.py::test_linear2,2026-10-08,,,,,,
187,10,test_torchinductor.py,GPUTests,test_vmap_dot_decomposes_bmm,失败,R04,A：优先尝试简单修复,NPU benchmark 设备表排除 CUDA 迁移别名,torch_npu/_inductor/__init__.py::_load_triton_backend；82 也可只改测试 benchmark_gpu 调用,否,_get_default_gpu_device_type 同时把 cuda 与 npu 视作可用，len(avail_gpus)<=1 断言失败。,不适用,在 NPU backend 初始化设备表时，仅在确认 cuda 为 NPU 迁移别名的模式下排除重复 cuda 条目；保留真实 CUDA/XPU 等后端。82 可直接传 device_type=device，保留 helper 复用断言。,复测 8 项；检查只启用 NPU、存在真实 CUDA、CPU 无设备三种选择逻辑。82 继续检查事件、缓冲区大小和设备；187 继续检查 BMM 代码断言。,"当前环境是 +cpu torch 加 transfer；不能对所有平台无条件设为 (""npu"",)。只修公共首错，conv_bn helper 的后续循环和 vmap 的分解断言可能仍失败。",方案评审；本轮未修改原测试或生产实现，未进行修复后 NPU 复测。,batch-10-source-evidence.json#test_torchinductor.py::test_vmap_dot_decomposes_bmm; runtime-source-evidence.json#torch/_inductor/runtime/benchmarking.py::_get_default_gpu_device_type; runtime-source-evidence.json#torch_npu/_inductor/__init__.py::GPU_BENCHMARK_DEVICE_TYPES; repair-source-evidence.json#torch_npu/contrib/transfer_to_npu.py::_patch_cuda,batch-10-results.json#test_torchinductor.py::test_vmap_dot_decomposes_bmm,2026-10-08,,,,,,
188,10,test_torchinductor.py,GPUTests,test_bmm_dot_shape_decompose_threshold,失败,R26,E：不列入简单修复,BMM 小 K 分解策略缺失,torch_npu/_inductor 的 BMM lowering/分解及动态范围证明,未必；可以是 NPU Inductor 内实现，但不是已确认的简单修复,K=32 时生成 extern_kernels.bmm；原断言要求小 K 分解为点积归约。,不适用,保留阈值及动态范围要求，实现或论证 NPU 的点积归约策略。,K=32/33、动态 1..64 的分支、代码生成和数值都检查。,当前数值通过不等于策略通过；将 FileCheck 改为接受 extern_kernels.bmm 会移除原优化目标。,方案评审；本轮未修改原测试或生产实现，未进行修复后 NPU 复测。,batch-10-source-evidence.json#test_torchinductor.py::test_bmm_dot_shape_decompose_threshold,batch-10-results.json#test_torchinductor.py::test_bmm_dot_shape_decompose_threshold,2026-10-08,,,,,,
189,10,test_torchinductor.py,GPUTests,test_bmm_dot_shape_dynamic_k_range_spans_decompose_threshold,失败,R26,E：不列入简单修复,BMM 小 K 分解策略缺失,torch_npu/_inductor 的 BMM lowering/分解及动态范围证明,未必；可以是 NPU Inductor 内实现，但不是已确认的简单修复,K 标为动态且范围 1..64，实际 K=3 时仍生成 extern_kernels.bmm；原断言要求分解。,不适用,保留阈值及动态范围要求，实现或论证 NPU 的点积归约策略。,K=32/33、动态 1..64 的分支、代码生成和数值都检查。,当前数值通过不等于策略通过；将 FileCheck 改为接受 extern_kernels.bmm 会移除原优化目标。,方案评审；本轮未修改原测试或生产实现，未进行修复后 NPU 复测。,batch-10-source-evidence.json#test_torchinductor.py::test_bmm_dot_shape_dynamic_k_range_spans_decompose_threshold,batch-10-results.json#test_torchinductor.py::test_bmm_dot_shape_dynamic_k_range_spans_decompose_threshold,2026-10-08,,,,,,
190,10,test_torchinductor.py,GPUTests,test_bmm_dot_shape_int_preserves_eager_error,失败,R07,A：优先尝试简单修复,非法 dtype 输入使用 NPU 对应错误契约,test/inductor/test_torchinductor.py 中 3 项负向用例,否,NPU eager 拒绝 int64 BMM，返回 RuntimeError/aclnnBatchMatMul dtype 错误；测试要求 CUDA 的 NotImplementedError 及 baddbmm_cuda 文本。,不适用,保留原输入，为 NPU 分支选择 RuntimeError 与已观察到的对应算子/DT_INT64 拒绝信息；CUDA 分支保留原异常。eager 和 compiled 均需被精确的负向断言覆盖。,190 检查 eager/compiled 都拒绝 int64 BMM；195 检查两条路径；196 保留 no_grad 和启用 autograd 两个 compiled 分支，并分别确认错误契约。,不能改为捕获 Exception 或只匹配 error。195/196 当前证明的是原非法输入被拒绝，不能代替所有受支持 dtype 混用的兼容性检查；后续编译错误尚待实测。,方案评审；本轮未修改原测试或生产实现，未进行修复后 NPU 复测。,batch-10-source-evidence.json#test_torchinductor.py::test_bmm_dot_shape_int_preserves_eager_error,batch-10-results.json#test_torchinductor.py::test_bmm_dot_shape_int_preserves_eager_error,2026-10-08,,,,,,
195,10,test_torchinductor.py,GPUTests,test_mm_mixed_dtype,失败,R07,A：优先尝试简单修复,非法 dtype 输入使用 NPU 对应错误契约,test/inductor/test_torchinductor.py 中 3 项负向用例,否,原测试要求 expected ... same dtype 文本；当前 CANN Mm 对 int64 参数报告 dtype 支持列表错误，原正则不匹配。,不适用,保留原输入，为 NPU 分支选择 RuntimeError 与已观察到的对应算子/DT_INT64 拒绝信息；CUDA 分支保留原异常。eager 和 compiled 均需被精确的负向断言覆盖。,190 检查 eager/compiled 都拒绝 int64 BMM；195 检查两条路径；196 保留 no_grad 和启用 autograd 两个 compiled 分支，并分别确认错误契约。,不能改为捕获 Exception 或只匹配 error。195/196 当前证明的是原非法输入被拒绝，不能代替所有受支持 dtype 混用的兼容性检查；后续编译错误尚待实测。,方案评审；本轮未修改原测试或生产实现，未进行修复后 NPU 复测。,batch-10-source-evidence.json#test_torchinductor.py::test_mm_mixed_dtype,batch-10-results.json#test_torchinductor.py::test_mm_mixed_dtype,2026-10-08,,,,,,
196,10,test_torchinductor.py,GPUTests,test_linear_mixed_dtype,失败,R07,A：优先尝试简单修复,非法 dtype 输入使用 NPU 对应错误契约,test/inductor/test_torchinductor.py 中 3 项负向用例,否,原测试要求 expected ... same dtype 文本；当前 CANN Matmul 对 int64 参数报告 dtype 支持列表错误，原正则不匹配。,不适用,保留原输入，为 NPU 分支选择 RuntimeError 与已观察到的对应算子/DT_INT64 拒绝信息；CUDA 分支保留原异常。eager 和 compiled 均需被精确的负向断言覆盖。,190 检查 eager/compiled 都拒绝 int64 BMM；195 检查两条路径；196 保留 no_grad 和启用 autograd 两个 compiled 分支，并分别确认错误契约。,不能改为捕获 Exception 或只匹配 error。195/196 当前证明的是原非法输入被拒绝，不能代替所有受支持 dtype 混用的兼容性检查；后续编译错误尚待实测。,方案评审；本轮未修改原测试或生产实现，未进行修复后 NPU 复测。,batch-10-source-evidence.json#test_torchinductor.py::test_linear_mixed_dtype,batch-10-results.json#test_torchinductor.py::test_linear_mixed_dtype,2026-10-08,,,,,,
197,10,test_torchinductor.py,GPUTests,test_linear_dynamic_maxautotune,跳过,S04,B：有条件的小改候选,动态 linear 的门槛改为 NPU Triton 模板能力,test/inductor/test_torchinductor.py::test_linear_dynamic_maxautotune；必要时 NPU Inductor 模板能力登记,当前确认的 benchmark 别名登记与动态 addmm 修改点均在 torch_npu/_inductor；完整模板修复范围仍需验证,IS_BIG_GPU=False，原装饰器因 not enough SM 跳过。,满足前置条件后试跑,NPU 分支不沿用 CUDA 的 68-SM 性能门槛，而检查 Triton backend、允许 dtype 和 TRITON_TEMPLATES 能力。保留 max_autotune=True、TRITON-only、dynamic=True 和 mark_dynamic。,原输入与 common 数值断言通过，并采集候选/生成代码证明使用 NPU Triton GEMM 路径，不能通过改为 ATEN 或关 max_autotune 获得通过。,安装环境 NPU use_triton_template 已使用自己的 _use_template_for_npu，未检查 SM 数量；但 helper 存在不等于此形状有合法候选。先确认能力登记与候选可用，再解除测试门槛。,已用隔离测试副本临时验证；原测试与已安装模块未修改。,batch-10-source-evidence.json#test_torchinductor.py::test_linear_dynamic_maxautotune; repair-source-evidence.json#torch/_inductor/utils.py::is_big_gpu; repair-source-evidence.json#torch_npu/_inductor/utils.py::use_triton_template; repair-source-evidence.json#torch_npu/_inductor/utils.py::_use_template_for_npu,batch-10-results.json#test_torchinductor.py::test_linear_dynamic_maxautotune,2026-10-08,失败,解除 SM 门槛后完整用例失败：AOT joint graph 优化中 pad_mm 的 benchmark 同时发现 cuda 别名和 npu，触发 len(avail_gpus)<=1（R04）。已生成的动态前向直接调用 aten.addmm，未覆盖 Triton-only 模板。,skip-validation/case-197.json,单改 skip 不足；需先修 NPU benchmark 别名登记，再适配动态 addmm 模板并证明实际模板路径。,失败,
201,11,test_torchinductor.py,GPUTests,test_conv_bn_fuse,跳过,S06,B：有条件的小改候选,Conv/BN 的历史 GPU 精度跳过细化到 NPU,test/inductor/test_torchinductor.py::test_conv_bn_fuse、test_conv_functional_bn_fuse；测试 slow 开关,否；测试局部调用已有 torch_npu.npu.aclnn.flags，无需改 runtime/CANN；未修复开启 HF32 时的算子误差,未启用 PYTORCH_TEST_WITH_SLOW；源码函数体还会在 self.device==GPU_TYPE 时跳过。,满足前置条件后试跑,201 启用 PYTORCH_TEST_WITH_SLOW=1 后仍要处理函数体的 CPU-only 条件；针对 NPU 增加独立条件分支并保留原 eval/no_grad、freezing 和 common 检查。202 同样按 NPU 实测精度细化条件。,201 全部 1D/2D/3D、bias、kernel_size、dilation、groups 组合；202 functional BN 的数值与状态；保留 common 默认低精度检查。要宣称发生融合需额外 graph/code 证据。,注释明确提到 GPU 精度问题，不能仅删除 skip 或增大容差后宣称适配完成。201 还存在 dynamic 的 expected-failure 装饰，不能把 xfail 当通过；这两项也可独立运行 CPU 覆盖，但不计 NPU 通过。,已用隔离测试副本临时验证；原测试与已安装模块未修改。,batch-11-source-evidence.json#test_torchinductor.py::test_conv_bn_fuse; repair-source-evidence.json#torch/testing/_internal/common_utils.py::slowTest,batch-11-results.json#test_torchinductor.py::test_conv_bn_fuse,2026-10-08,通过,首轮首组 fp32 误差 0.00138676。仅用局部上下文关闭卷积 HF32 后，原 48 组 1D/2D/3D 配置及 common 低精度检查全部通过；dtype、容差、freezing 均保留，退出后 HF32 恢复为 True。,skip-validation/case-201.json; skip-validation/case-201-hf32off.json,建议解除 NPU skip 并局部使用 aclnn.flags(allow_hf32=False)，明确验证严格 fp32 卷积精度；开启 HF32 的数值容差覆盖另行设计。,失败,通过
202,11,test_torchinductor.py,GPUTests,test_conv_functional_bn_fuse,跳过,S06,B：有条件的小改候选,Conv/BN 的历史 GPU 精度跳过细化到 NPU,test/inductor/test_torchinductor.py::test_conv_bn_fuse、test_conv_functional_bn_fuse；测试 slow 开关,否；仅测试中的 NPU 条件适配,函数体检测 self.device==GPU_TYPE 后主动 SkipTest；functional BN 融合 组合没有执行。,满足前置条件后试跑,201 启用 PYTORCH_TEST_WITH_SLOW=1 后仍要处理函数体的 CPU-only 条件；针对 NPU 增加独立条件分支并保留原 eval/no_grad、freezing 和 common 检查。202 同样按 NPU 实测精度细化条件。,201 全部 1D/2D/3D、bias、kernel_size、dilation、groups 组合；202 functional BN 的数值与状态；保留 common 默认低精度检查。要宣称发生融合需额外 graph/code 证据。,注释明确提到 GPU 精度问题，不能仅删除 skip 或增大容差后宣称适配完成。201 还存在 dynamic 的 expected-failure 装饰，不能把 xfail 当通过；这两项也可独立运行 CPU 覆盖，但不计 NPU 通过。,已用隔离测试副本临时验证；原测试与已安装模块未修改。,batch-11-source-evidence.json#test_torchinductor.py::test_conv_functional_bn_fuse; repair-source-evidence.json#torch/testing/_internal/common_utils.py::slowTest,batch-11-results.json#test_torchinductor.py::test_conv_functional_bn_fuse,2026-10-08,通过,仅对 NPU 放开历史 CPU-only 条件，functional BN + Conv2d 原 common 数值和低精度检查通过；未单独证明优化图中已融合。,skip-validation/case-202.json,建议采用 NPU 测试条件适配，保留原断言；若验收融合优化需另检查图或生成代码。,通过,
203,11,test_torchinductor.py,GPUTests,test_conv_inference_heuristics,失败,R27,E：不列入简单修复,卷积启发式的真实 NPU 代码/布局证据不足,test_torchinductor.py + NPU convolution lowering/layout 策略,未定；若需公共 channels_last 则涉及 eager/布局实现,分组 Conv2d 编译执行后，代码文本找不到原测试要求的 .convolution(。,不适用,先采集 grouped 与普通卷积完整 wrapper，确认调用和 layout 转换意图，再设计 NPU 等价断言。,分组卷积无多余转换、普通卷积期望转换及数值均确认。,不能仅将 .convolution( 字符串替换为任意实际出现的函数名；后半段用例尚未执行，现有日志不足以认定只是文本差异。,方案评审；本轮未修改原测试或生产实现，未进行修复后 NPU 复测。,batch-11-source-evidence.json#test_torchinductor.py::test_conv_inference_heuristics; runtime-source-evidence.json#torch_npu/_inductor/lowering_fallback_list.py::convolution_entries,batch-11-results.json#test_torchinductor.py::test_conv_inference_heuristics,2026-10-08,,,,,,
204,11,test_torchinductor.py,GPUTests,test_upsample_cat_conv,跳过,S02,A：优先尝试简单修复,upsample/cat/conv 增加可执行的 NPU 分支,test/inductor/test_torchinductor.py::test_upsample_cat_conv 的设备条件,否,函数体检测 self.device==GPU_TYPE 后主动 SkipTest；upsample/cat/conv 组合没有执行。,优先适配后试跑,将笼统的 self.device == GPU_TYPE 跳过改为精确的已知受限后端条件，为 NPU 执行原 UpsamplingNearest2d→cat→Conv2d 流程；原 CPU 覆盖保留。,"保持输入 [8,2,12,26]、[8,6,24,52]、模型 eval/no_grad 和 common 的全部数值/dtype 检查；确认原用例完整运行而非新增空分支。",源码没有 CUDA 专用算子或 CPU 代码文本断言，适合小范围试跑；当前没有 NPU 运行结果，不能先放宽精度容限或只运行 CPU 并记作 NPU 通过。,已用隔离测试副本临时验证；原测试与已安装模块未修改。,batch-11-source-evidence.json#test_torchinductor.py::test_upsample_cat_conv,batch-11-results.json#test_torchinductor.py::test_upsample_cat_conv,2026-10-08,通过,仅放开 NPU 的 CPU-only 条件，nearest upsample + cat + Conv2d 完整 common 数值及低精度检查通过。,skip-validation/case-204.json,建议采用测试内 NPU 条件适配，无需修改生产模块。,通过,
209,11,test_torchinductor.py,GPUTests,test_gather3,失败,R28,E：不列入简单修复,sparse_grad Meta 与 decomposition 递归,torch_npu/op_plugin/meta/_meta_registrations.py::npu_gather_backward__meta，torch/_decomp、torch/_prims,是：torch_npu 的 Meta 模块也在 _inductor 之外，可能涉及社区分解,gather sparse_grad=True 触发 NPU npu_gather_backward__meta 的 Meta 函数，构造 sparse_coo_tensor 后在 _to_copy→prims.device_put→Tensor.to 间递归至 RecursionError。,不适用,修 sparse_coo Meta 构造/设备迁移的重入，保留 sparse_grad=True 和 AOT 联合图。,Meta 不做真实迁移，稀疏梯度布局正确，完整编译可执行。,改 sparse_grad=False 或替换为普通 gather 会删除测试目标；暂无证据证明只改一处 dtype/device 即可。,方案评审；本轮未修改原测试或生产实现，未进行修复后 NPU 复测。,batch-11-source-evidence.json#test_torchinductor.py::test_gather3; runtime-source-evidence.json#torch_npu/op_plugin/meta/_meta_registrations.py::npu_gather_backward__meta; runtime-source-evidence.json#torch/_decomp/decompositions.py::_to_copy; runtime-source-evidence.json#torch/_prims/__init__.py::_device_put_aten,batch-11-results.json#test_torchinductor.py::test_gather3,2026-10-08,,,,,,
210,11,test_torchinductor.py,GPUTests,test_device_assert,失败,R08,C：简单适配但改变 dtype 覆盖,新增受支持 dtype 的 NPU 等价功能用例,对应测试方法中的 dtype 选择，仅限 NPU 分支,否；完整 fp64 修复涉及算子/Triton 编译器,compiled 函数在 aten.trunc.default 调用中进入 aclnnTrunc，拒绝 DT_DOUBLE。,不适用,17 可增加 float32 的 any/isinf/Inf 变体；131 增加 float32 round 边界变体；210 的 y 是全 1，可使用 float32 验证原动态 shape/gather 流程；224 可参照既有 MPS 分支增加 NPU 的 bf16/fp32/bool 转换变体。,保留原运算、数值断言和 shape 分支；新变体明确命名或参数化 dtype。原 float64 覆盖单列为未支持/待修，不覆盖其历史结果。,代码改动小但减少/替换 dtype 覆盖；只在目标接受“验证 NPU 已支持类型”时建议采用。不能声称修好了原 fp64 用例；182 的目标就是 float64 linear，不能用此方法修。,方案评审；本轮未修改原测试或生产实现，未进行修复后 NPU 复测。,batch-11-source-evidence.json#test_torchinductor.py::test_device_assert; runtime-source-evidence.json#torch/testing/_internal/common_dtype.py::highest_precision_float,batch-11-results.json#test_torchinductor.py::test_device_assert,2026-10-08,,,,,,
223,12,test_torchinductor.py,GPUTests,test_max_unpool_empty_output,失败,R13,D：外部模块的局部修复候选,合法空 unpool 输出的 eager 边界处理,op-plugin/torch_npu eager max_unpool2d、max_unpool3d 适配层及 Meta 契约,是：eager 算子/Meta，可能涉及 op-plugin/CANN,首个 1D 用例经 max_unpool2d 实现进入 aclnnMaxUnpool2d；outputSize 含 0 被参数校验拒绝。,不适用,核对 PyTorch 对合法 output_size=0 的契约，在 eager 适配层保留参数校验后创建正确的空结果，避免调用只接受正 outputSize 的 CANN kernel。,原 1D/2D/3D 全部执行；检查输出 shape/dtype/device 和非法参数仍报错，再验证 compiled。,看起来可做局部边界处理，但 1D 映射到 2D、3D 路径及索引/Meta 一致性需先查清；不能只在 Inductor 返回空 Tensor，因为原 eager 已失败。,方案评审；本轮未修改原测试或生产实现，未进行修复后 NPU 复测。,batch-12-source-evidence.json#test_torchinductor.py::test_max_unpool_empty_output,batch-12-results.json#test_torchinductor.py::test_max_unpool_empty_output,2026-10-08,,,,,,
224,12,test_torchinductor.py,GPUTests,test_to_dtype,失败,R08,C：简单适配但改变 dtype 覆盖,新增受支持 dtype 的 NPU 等价功能用例,对应测试方法中的 dtype 选择，仅限 NPU 分支,否；完整 fp64 修复涉及算子/Triton 编译器,包含 float64 输入 b+1 的生成 kernel 在 regbase pipeline 中使用 f64 memref；hivm.hir.load 的类型验证列表不含 f64，编译失败。,不适用,17 可增加 float32 的 any/isinf/Inf 变体；131 增加 float32 round 边界变体；210 的 y 是全 1，可使用 float32 验证原动态 shape/gather 流程；224 可参照既有 MPS 分支增加 NPU 的 bf16/fp32/bool 转换变体。,保留原运算、数值断言和 shape 分支；新变体明确命名或参数化 dtype。原 float64 覆盖单列为未支持/待修，不覆盖其历史结果。,代码改动小但减少/替换 dtype 覆盖；只在目标接受“验证 NPU 已支持类型”时建议采用。不能声称修好了原 fp64 用例；182 的目标就是 float64 linear，不能用此方法修。,方案评审；本轮未修改原测试或生产实现，未进行修复后 NPU 复测。,batch-12-source-evidence.json#test_torchinductor.py::test_to_dtype,batch-12-results.json#test_torchinductor.py::test_to_dtype,2026-10-08,,,,,,
226,12,test_torchinductor.py,GPUTests,test_to_memory_format,失败,R29,E：不列入简单修复,channels_last 公开布局接口缺失,torch_npu eager 分配/复制、Meta 与 Inductor 布局契约,是：eager/runtime/Meta，不限于 Inductor,首次转 torch.channels_last 时抛出 Only contiguous_format or preserve_format is supported，尚未进入 compiled 对比。,不适用,实现公开 channels_last stride 语义并与 NPU 私有格式区分。,双向转换、stride、数值及 compiled 全部验证。,改为 contiguous_format 或 NPU 私有 format 不等价，不能用简单测试修改修复。,方案评审；本轮未修改原测试或生产实现，未进行修复后 NPU 复测。,batch-12-source-evidence.json#test_torchinductor.py::test_to_memory_format,batch-12-results.json#test_torchinductor.py::test_to_memory_format,2026-10-08,,,,,,
230,12,test_torchinductor.py,GPUTests,test_multi_gpu_device,失败,R30,E：不列入简单修复,P2P peer-access 驱动资源失败,torch_npu/csrc/core/npu/NPUPeerToPeerAccess.cpp，CANN/驱动环境,是：NPU runtime C++、CANN/驱动或环境,默认 NPU:0 的独立原用例在 Tensor.to(npu:1) 启用 peer access 时，aclrtDeviceEnablePeerAccess 返回 207001/OutOfMemoryError。初轮默认 NPU:1 的通过仅为同卡路径。关闭 transfer 包装且不使用 torch.compile 的 4 元素复制也复现同错。,不适用,定位 peer-access 启用时失败的资源；先使独立 eager NPU:0→NPU:1 复制正常，再复测编译。,真实跨卡复制和计算通过；查询到的双向 capability=True 不足以替代实际复制。,独立无编译进程仍报 207001，卡空闲均超过 121 GiB；改默认设备为 1、换同卡目标或设置 skip 不是跨卡修复。,方案评审；本轮未修改原测试或生产实现，未进行修复后 NPU 复测。,batch-12-source-evidence.json#test_torchinductor.py::test_multi_gpu_device; runtime-source-evidence.json#torch_npu/csrc/core/npu/NPUPeerToPeerAccess.cpp::enable_peer_access; runtime-source-evidence.json#supplemental::p2p_probe.py,batch-12-multigpu-default-zero.json#test_torchinductor.py::test_multi_gpu_device; batch-12-initial-results.json#test_torchinductor.py::test_multi_gpu_device; batch-12-p2p-probe.json,2026-10-08,,,,,,
240,14,test_unbacked_symints.py,TestUnbackedSymintsNPU,test_equivalent_backed_unbacked,失败,R04,A：优先尝试简单修复,NPU benchmark 设备表排除 CUDA 迁移别名,torch_npu/_inductor/__init__.py::_load_triton_backend；82 也可只改测试 benchmark_gpu 调用,否,_get_default_gpu_device_type 同时把 cuda 与 npu 视作可用，len(avail_gpus)<=1 断言失败。,不适用,在 NPU backend 初始化设备表时，仅在确认 cuda 为 NPU 迁移别名的模式下排除重复 cuda 条目；保留真实 CUDA/XPU 等后端。82 可直接传 device_type=device，保留 helper 复用断言。,复测 8 项；检查只启用 NPU、存在真实 CUDA、CPU 无设备三种选择逻辑。82 继续检查事件、缓冲区大小和设备；187 继续检查 BMM 代码断言。,"当前环境是 +cpu torch 加 transfer；不能对所有平台无条件设为 (""npu"",)。只修公共首错，conv_bn helper 的后续循环和 vmap 的分解断言可能仍失败。",方案评审；本轮未修改原测试或生产实现，未进行修复后 NPU 复测。,batch-14-source-evidence.json#test_unbacked_symints.py::test_equivalent_backed_unbacked; runtime-source-evidence.json#torch/_inductor/runtime/benchmarking.py::_get_default_gpu_device_type; runtime-source-evidence.json#torch_npu/_inductor/__init__.py::GPU_BENCHMARK_DEVICE_TYPES; repair-source-evidence.json#torch_npu/contrib/transfer_to_npu.py::_patch_cuda,batch-14-results.json#test_unbacked_symints.py::test_equivalent_backed_unbacked,2026-10-08,,,,,,
241,14,test_unbacked_symints.py,TestUnbackedSymintsNPU,test_unbacked_linear_layer_norm_input,失败,R04,A：优先尝试简单修复,NPU benchmark 设备表排除 CUDA 迁移别名,torch_npu/_inductor/__init__.py::_load_triton_backend；82 也可只改测试 benchmark_gpu 调用,否,_get_default_gpu_device_type 同时把 cuda 与 npu 视作可用，len(avail_gpus)<=1 断言失败。,不适用,在 NPU backend 初始化设备表时，仅在确认 cuda 为 NPU 迁移别名的模式下排除重复 cuda 条目；保留真实 CUDA/XPU 等后端。82 可直接传 device_type=device，保留 helper 复用断言。,复测 8 项；检查只启用 NPU、存在真实 CUDA、CPU 无设备三种选择逻辑。82 继续检查事件、缓冲区大小和设备；187 继续检查 BMM 代码断言。,"当前环境是 +cpu torch 加 transfer；不能对所有平台无条件设为 (""npu"",)。只修公共首错，conv_bn helper 的后续循环和 vmap 的分解断言可能仍失败。",方案评审；本轮未修改原测试或生产实现，未进行修复后 NPU 复测。,batch-14-source-evidence.json#test_unbacked_symints.py::test_unbacked_linear_layer_norm_input; runtime-source-evidence.json#torch/_inductor/runtime/benchmarking.py::_get_default_gpu_device_type; runtime-source-evidence.json#torch_npu/_inductor/__init__.py::GPU_BENCHMARK_DEVICE_TYPES; repair-source-evidence.json#torch_npu/contrib/transfer_to_npu.py::_patch_cuda,batch-14-results.json#test_unbacked_symints.py::test_unbacked_linear_layer_norm_input,2026-10-08,,,,,,
242,14,test_unbacked_symints.py,TestUnbackedSymintsNPU,test_triton_kernel_with_unbacked_symint_fallback,失败,R31,E：不列入简单修复,transfer 构造器身份与 Dynamo 规则兼容,torch_npu/contrib/transfer_to_npu.py、torch/_dynamo 构造器对象规则,是：torch_npu/contrib 在 _inductor 之外；可能涉及 Dynamo,torch.tensor 构造时要求把 nonzero 长度表达式 u0-5 特化为具体整数，触发 GuardOnDataDependentSymNode。,不适用,在保留 CUDA→NPU 参数迁移的前提下使构造器正确进入 Dynamo 对象规则，保留 unbacked 数据的运行时物化。,两项完整 Inductor 用例和其它被包装构造器回归，不能只验证 backend=eager。,已有独立恢复 torch.tensor 全局绑定探针可捕获，但不是安全生产修复；禁止在用例中强制 int() 或取消动态输入来通过。,方案评审；本轮未修改原测试或生产实现，未进行修复后 NPU 复测。,batch-14-source-evidence.json#test_unbacked_symints.py::test_triton_kernel_with_unbacked_symint_fallback; runtime-source-evidence.json#supplemental::symint_ctor_probe.py; runtime-source-evidence.json#supplemental::ctor_binding_probe.py,batch-14-results.json#test_unbacked_symints.py::test_triton_kernel_with_unbacked_symint_fallback; batch-14-ctor-probe.json,2026-10-08,,,,,,
243,14,test_torchinductor_dynamic_shapes.py,TestInductorDynamicPRIVATEUSE1,test_constant_fold_uniform_value_dynamic,失败,R05,A：优先尝试简单修复,常量折叠允许零生成代码,test/inductor/test_torchinductor_dynamic_shapes.py::test_constant_fold_uniform_value_dynamic,否,source_codes=[]，原测试直接访问 source_codes[0] 触发 IndexError。,不适用,"用 ""\n"".join(source_codes) 执行原 check_not，允许空列表；若有多个源码文件则全部检查。原来的全部数值及第二种 shape 断言照常运行。",3 个函数 × dynamic=False/True，检查两种 shape 的输出；有生成代码时仍禁止意外 triton.jit/cpp_fused。,已有独立探针确认 6 组合返回原输入且零 kernel；原测试改动尚未执行。不能直接 return 跳过数值断言。,方案评审；本轮未修改原测试或生产实现，未进行修复后 NPU 复测。,batch-14-source-evidence.json#test_torchinductor_dynamic_shapes.py::test_constant_fold_uniform_value_dynamic; runtime-source-evidence.json#supplemental::noop_probe.py,batch-14-results.json#test_torchinductor_dynamic_shapes.py::test_constant_fold_uniform_value_dynamic; batch-14-noop-probe.json,2026-10-08,,,,,,
244,14,test_torchinductor_dynamic_shapes.py,TestInductorDynamicPRIVATEUSE1,test_sym_sum_unbacked,失败,R31,E：不列入简单修复,transfer 构造器身份与 Dynamo 规则兼容,torch_npu/contrib/transfer_to_npu.py、torch/_dynamo 构造器对象规则,是：torch_npu/contrib 在 _inductor 之外；可能涉及 Dynamo,torch.tensor 构造时要求把 100 个 tolist 标量的求和表达式 特化为具体整数，触发 GuardOnDataDependentSymNode。,不适用,在保留 CUDA→NPU 参数迁移的前提下使构造器正确进入 Dynamo 对象规则，保留 unbacked 数据的运行时物化。,两项完整 Inductor 用例和其它被包装构造器回归，不能只验证 backend=eager。,已有独立恢复 torch.tensor 全局绑定探针可捕获，但不是安全生产修复；禁止在用例中强制 int() 或取消动态输入来通过。,方案评审；本轮未修改原测试或生产实现，未进行修复后 NPU 复测。,batch-14-source-evidence.json#test_torchinductor_dynamic_shapes.py::test_sym_sum_unbacked; runtime-source-evidence.json#supplemental::symint_ctor_probe.py; runtime-source-evidence.json#supplemental::ctor_binding_probe.py,batch-14-results.json#test_torchinductor_dynamic_shapes.py::test_sym_sum_unbacked; batch-14-ctor-probe.json,2026-10-08,,,,,,
245,14,test_torchinductor_dynamic_shapes.py,TestInductorDynamicPRIVATEUSE1,test_float_item_return,跳过,S03,A：优先尝试简单修复,float item 返回测试不再一概限定 FBCODE,test/inductor/test_torchinductor_dynamic_shapes.py::test_float_item_return 的条件及返回值断言,否；若暴露捕获缺口则后续可能涉及 Dynamo/Inductor,原用例由 skipUnless(IS_FBCODE) 限制；当前环境不是 FBCODE。,优先适配后试跑,对实际验证支持的 NPU 配置启用此方法，不全局伪装 IS_FBCODE；保留 fullgraph=True、capture_scalar_outputs 和动态输出捕获设置。建议同时断言返回 Python 标量 3.0。,在 NPU float32 Tensor 上执行 x.item()，确认完整捕获和正确标量返回；不能关闭 fullgraph 或允许图中断来通过。,函数体只调用公开 torch.compile/item 接口，没有直接 FBCODE import，因此是解除平台粗粒度跳过的候选；既有 FBCODE 门槛可能掩盖后续兼容问题，须实测。,已用隔离测试副本临时验证；原测试与已安装模块未修改。,batch-14-source-evidence.json#test_torchinductor_dynamic_shapes.py::test_float_item_return,batch-14-results.json#test_torchinductor_dynamic_shapes.py::test_float_item_return,2026-10-08,通过,保留 fullgraph 和标量捕获，增加返回值为 3.0 的断言后通过。,skip-validation/case-245.json,可采用 NPU 条件适配；仅在当前已验证配置确认。,通过,
246,14,test_torchinductor_dynamic_shapes.py,TestInductorDynamicPRIVATEUSE1,test_magic_method_lowerings_with_symbolic_scalars,失败,R32,E：不列入简单修复,符号整数幂意外引入 fp64,符号表达式 lowering/Triton codegen，必要时 CANN libdevice,可能涉及 torch/_inductor/torch.utils._sympy 或 triton-ascend，不保证仅在 NPU Inductor,"pow_log2 分支的生成代码将常数 2 与整型指数转换为 float64，调用 libdevice.pow 时找不到 (float64,float64) 映射。",不适用,为整数底数/指数建立保持语义和溢出范围的 lowering，或实现完整 fp64 pow。,符号指数范围、负指数、溢出和其它 magic methods 均验证。,直接替换为 fp32 或无范围证明的位移可能改变结果，不是当前已确认的简单修复。,方案评审；本轮未修改原测试或生产实现，未进行修复后 NPU 复测。,batch-14-source-evidence.json#test_torchinductor_dynamic_shapes.py::test_magic_method_lowerings_with_symbolic_scalars; runtime-source-evidence.json#triton/language/extra/cann/libdevice.py::pow,batch-14-results.json#test_torchinductor_dynamic_shapes.py::test_magic_method_lowerings_with_symbolic_scalars,2026-10-08,,,,,,
247,14,test_torchinductor_dynamic_shapes.py,TestInductorDynamicPRIVATEUSE1,test_mark_unbacked_slice,失败,R18,E：不列入简单修复,CUDA allocator/graph capture 接口误用,torch/_inductor/cudagraph_utils.py 与 NPU graph/allocator runtime 集成,完整方案可能涉及 torch/_inductor、torch_npu runtime，不能仅承诺 NPU Inductor 改动,检查 CUDA caching allocator 时访问 +cpu torch 不存在的 _cuda_cudaCachingAllocator_is_enabled。,不适用,按真实后端接入 allocator 和图捕获能力检查；需要 NPU 等价 capture/replay 契约。,保留 max-autotune/reduce-overhead 原模式并验证实际 graph 行为；44 后续仍要检查 lookup 接入。,"getattr(..., lambda: True)、关闭 cudagraphs、改 compile mode 只能避开目标，不作为简单功能修复。",方案评审；本轮未修改原测试或生产实现，未进行修复后 NPU 复测。,batch-14-source-evidence.json#test_torchinductor_dynamic_shapes.py::test_mark_unbacked_slice; runtime-source-evidence.json#torch/_inductor/cudagraph_utils.py::check_caching_allocator_for_cudagraphs,batch-14-results.json#test_torchinductor_dynamic_shapes.py::test_mark_unbacked_slice,2026-10-08,,,,,,
