文件名,文件路径,函数名,行号,风险类型,技术解释,是否是问题,原因
parallelism_strategy_cv.py,pytorch/torch_npu/_inductor/fx_passes/parallelism_strategy_cv.py,_get_longest_continuous_segment,"[134]",异常处理,"pos_map 只包含 nodes 中同时属于 candidates 的节点，而 sorted_candidates 仍包含所有 candidates。若 candidates 中存在不在 nodes 中的节点，排序时虽然使用 pos_map.get 避免 KeyError，但第134行 pos_map[curr_node] 直接按下标访问会触发 KeyError。建议先过滤出存在于 pos_map 的候选节点，或使用 pos_map.get 并跳过缺失节点。",否,"当前调用链中 candidates 来自 extract_special_groups，而该列表来自 DefaultParallelStrategy 基于同一 nodes 列表生成的 group（当前代码第163、168-169行），正常情况下 candidates 是 nodes 的子集；仅直接以不一致参数调用该内部方法时才会触发，属于防御性加固建议。"
triton_heuristics.py,pytorch/torch_npu/_inductor/runtime/triton_heuristics.py,NPUDebugAutotuner.run,"[2811]",资源限制与配额,"collected_calls 是全局列表，NPUDebugAutotuner.run 每次执行到该处都会无条件追加一条 (ms, num_gb, gb_per_s, kernel_name) 记录，且没有长度上限或清理机制。长时间运行或高频调用时，列表会持续增长，导致内存占用不断上升，最终可能造成内存耗尽。建议限制收集条数（如使用 collections.deque(maxlen=N)）或在记录达到阈值后清理/只保留统计信息。",否,"当前 v2.10.0 的 collected_calls 由 PyTorch runtime 提供，并在 start_graph() 中 clear、end_graph() 中消费；记录量受单个编译 graph 的 kernel 数量限制，不会跨 graph 无限累积。当前行号已漂移至 torch_npu 文件第2975行。"
ir.py,pytorch/torch_npu/_inductor/codegen/ir.py,calculate_max_remainder,"[625]",资源限制与配额,"在 calculate_max_remainder 的整数分支中，当 length-1 < period-1 且 max_possible >= divisor_int 时，start_k 会被计算为 0，for 循环将迭代 length 次。length 可能来自 range_tree_nodes[symbol].length，受外部输入张量形状影响；若 length 过大，编译器在代码生成阶段会执行海量循环，导致 CPU 资源耗尽/拒绝服务。建议改用数论方法计算最大余数，或在 length 过大时直接返回保守估计值 float('inf')。",是,"当前代码第625-628行确实按 k 逐项计算余数；在 length 小于周期但仍满足 coeff*length >= divisor 时，循环复杂度为 O(length)。length 来自第726、978行的 range node 长度，超大动态/符号形状可放大编译 CPU 开销。"
profiler.py,pytorch/torch_npu/_inductor/profiler.py,mspti_batch_benchmark,"[165,166,172]",资源泄露,"KernelMonitor.start 开启监控后，后续的 kernel_funcs 循环及同步操作没有使用 try/finally 保护；若 fn() 或 torch.npu.synchronize() 抛出异常，monitor.stop() 不会执行，可能导致 MSpti 监控会话无法正常结束并造成资源泄露。建议将 monitor.start(callback) 到 monitor.stop() 之间的逻辑放入 try/finally，在 finally 中调用 monitor.stop()。",是,"当前第165行启动监控，第166-171行执行可抛异常的 kernel 和同步，第172行才 stop；中途异常会直接跳过 stop，资源清理路径不完整。"
profiler.py,pytorch/torch_npu/_inductor/profiler.py,SimpleProfilingAnalyzer._msprof_py_export,"[55]",资源限制与配额,"subprocess.run 调用 msprof.py 时未设置 timeout，且 capture_output=True 会无限制地捕获子进程的标准输出和标准错误。若 msprof.py 执行挂起，将导致当前进程无限期阻塞；若子进程产生大量输出，则可能造成内存耗尽。建议为 subprocess.run 增加 timeout 参数，并将 stdout/stderr 重定向到文件或使用 communicate(timeout=...) 限制输出大小与执行时间。",否,"CUDA Inductor 调用 ncu/编译器等外部工具时也普遍不设 timeout；正常路径执行受信任的本机 msprof.py，只有工具自身挂死或异常输出失控才会出现描述中的风险，未发现模型输入或普通 API 参数可实际触发。"
profiler.py,pytorch/torch_npu/_inductor/profiler.py,SimpleProfilingAnalyzer.trace_ready,"[129]",日志与异常处理,"在trace_ready方法中，使用except Exception捕获所有异常，过于宽泛，可能掩盖安全相关错误或程序缺陷。当msprof.py子进程执行失败或数据处理出现异常时，仅打印警告并回退到默认处理器，未记录异常堆栈，导致问题难以排查。建议捕获具体异常类型（如RuntimeError、OSError等），并记录完整异常信息，避免过度宽泛的异常捕获。",否,"这里的 broad catch 是显式 fallback 设计：第129-133行把自定义解析失败统一切换到 tensorboard_trace_handler，且 warning 已包含异常文本。缺少 traceback 会降低诊断性，但不构成当前功能错误。"
gemm_autotune.py,pytorch/torch_npu/_inductor/codegen/catlass/catlass_library/gemm_autotune.py,aligned_decrease_iterator,"[100]",除零错误,"函数中第100行执行 value // alignment，alignment 为外部传入参数且未校验其是否大于0。若调用方传入 alignment=0，会直接触发 ZeroDivisionError。建议在函数开头增加对 alignment 的合法性校验，例如 if alignment <= 0: raise ValueError('alignment must be positive')，确保 alignment 始终为正数。",否,"当前实现的调用点第222-224、255-257行均使用默认 alignment=16，未发现传入0或负数的调用；该函数参数校验可增强 API 健壮性，但扫描未证明存在当前可达触发路径。"
npu_compare.py,pytorch/torch_npu/_inductor/npu_compare.py,_load_fx_model,"[265,267]",任意代码执行,"在_load_fx_model函数中，acc_meta中的traced_graph_cache和traced_graph_hash未经验证即用于构造dump_path，并通过sys.path.insert将路径加入模块搜索路径，随后importlib.import_module导入模块。如果攻击者能够控制这些参数（例如通过配置文件或外部输入），则可以构造恶意模块路径，导致在导入时执行任意代码。建议对路径和模块名进行白名单校验，确保只从可信的缓存目录加载，或使用importlib.util.spec_from_file_location等安全方式加载特定文件。",否,"正常路径中 metadata 由 scheduling/meta_kernel 生成：traced_graph_hash 是源码哈希，cache/hash 目录由编译器写入；该导入是加载已生成 FX fallback 模块的预期行为。未发现外部不可信输入可直接控制这两个字段，属于信任边界假设下的防御性建议。"
npu_compare.py,pytorch/torch_npu/_inductor/npu_compare.py,check_accuracy_triton,"[196]",文件权限控制,"torch.save 在保存输入快照到 fail_path 时，未显式指定文件权限，默认创建的文件权限可能为 0644（受 umask 影响），导致其他用户可读取该文件，存在敏感数据泄露风险。建议使用 os.open 以 0o600 权限创建文件后再写入，或使用 tempfile.NamedTemporaryFile 等方式确保文件权限安全。",否,"第192-196行保存到 TORCHINDUCTOR/traced graph 调试缓存目录；文件权限受进程 umask 和目录权限共同控制，代码本身不能推出必然的0644或跨用户可读，属于可选的敏感数据保护加固。"
graph_fusion.py,pytorch/torch_npu/_inductor/mfusion/graph_fusion.py,_is_mfusion_related_ir,"[315]",栈溢出,"递归遍历IR输入时未限制递归深度，深层嵌套的IR图可能导致Python递归调用栈溢出（或触发RecursionError），造成拒绝服务风险。建议增加最大递归深度限制或改为迭代遍历。",否,"CUDA 基础 IR 的 MultiOutput.get_free_symbol_uses 和 InputsKernel.get_free_symbol_uses 也递归遍历 inputs，递归模型一致；正常 MFusion MultiOutput 通常直接引用 parent FallbackKernel，扫描没有正常图可达到 Python recursion limit 的证据。"
npu_static_kernel.py,pytorch/torch_npu/_inductor/npu_static_kernel.py,safe_resolve_output_dir,"[47]",文件权限控制,"result_root.mkdir 未指定 mode，默认权限受 umask 影响，可能创建组/其他用户可写目录，导致后续生成的 .run 文件可被其他用户替换，存在安全风险。建议使用 mode=0o700 或更严格的权限创建目录。",否,"mkdir 默认使用 0777 再应用 umask；常规 umask 下组/其他用户没有写权限，扫描描述把‘受 umask 影响’直接等同于‘可写’并不成立。使用 mode=0o700 仍可作为加固。"
npu_static_kernel.py,pytorch/torch_npu/_inductor/npu_static_kernel.py,StaticKernelCompiler.__exit__ / uninstall_static_kernel,"[120,130,145]",资源限制与配额,"subprocess.run 调用 op_compiler、安装 .run 包以及卸载脚本时均未设置 timeout 参数。若被调用的外部命令因异常、死锁或资源问题而长时间挂起，将导致当前进程无限期阻塞，可能造成资源耗尽或拒绝服务（DoS）风险。建议为每个 subprocess.run 调用增加合理的 timeout 参数，并在超时后捕获 subprocess.TimeoutExpired 异常进行相应处理。",否,"CUDA CUTLASS/CUDA/ROCm 编译子进程同样普遍不设 timeout；这里执行本机受信任的 op_compiler、安装包和卸载脚本，只有工具自身挂死才会无限等待，没有来自模型输入的稳定触发条件。"
config.py,pytorch/torch_npu/_inductor/config.py,_obtain_precompile_thread_num,"[126,128,133]",资源限制与配额,"TORCHNPU_PRECOMPILE_THREADS环境变量直接转换为int且未设置上下限，攻击者或误配置可设置极大值导致创建过多线程造成资源耗尽，或设置为0/负数导致线程池异常；同时代码中使用max(precompile_thread_num, 32)将线程数下限设为32，可能造成线程过度创建，且与注释所述“最大值为32”不符。",否,"CUDA 的 TORCHINDUCTOR_COMPILE_THREADS 同样直接 int 转换、允许用户显式配置并传给线程池。NPU 的 max(...,32) 与注释/文档不一致，但默认值是有界的；这可作为性能或文档问题单独处理，不能支持当前无界资源耗尽结论。"
patch.py,pytorch/torch_npu/_inductor/experimental/python_wrapper_fast_launch/patch.py,patched_make_launcher,"[346]",日志与异常处理,"在 patched_make_launcher 函数中，第346行的 except Exception 捕获所有异常后直接返回 launcher，未记录任何日志或处理异常，会静默吞掉异常，可能隐藏元数据构建或编译过程中的错误，导致问题难以排查。建议在异常处理中记录日志（如 logging.exception）或重新抛出异常，以便及时发现和定位问题。",否,"fast launch 默认关闭且属于可选优化。启用后 metadata 构建失败会返回原 launcher；后续 plan 构建校验 metadata，BoundFastLaunch 捕获 FastLaunchPlanUnavailable 后回退原 autotuner/launcher，不会隐藏 kernel 编译或执行失败。"
wrapper.py,pytorch/torch_npu/_inductor/codegen/wrapper.py,generate_return,"[423,427]",资源泄露,"在生成返回代码时，条件写为 `if not has_initialized:`，导致只有 `has_initialized` 为 False 时才调用 `static_kernel_complier.__exit__`。正常初始化后 `has_initialized` 为 True，`__exit__` 不会执行，StaticKernelCompiler 上下文管理器无法正确释放资源，造成资源泄漏。建议将条件改为 `if has_initialized:`，或使用 try/finally 确保退出。",是,"write_prefix 第410-416行在成功 __enter__ 后把 has_initialized 设为 True，而 generate_return 第423行却判断 not has_initialized；正常路径因此跳过第427行 __exit__，与上下文生命周期相反。"
codecache.py,pytorch/torch_npu/_inductor/codecache.py,CATLASSCodeCache.compile,"[258,259,260]",资源限制与配额,"在调用 subprocess.check_output 编译 CATLASS 代码时未设置 timeout 参数。如果 bisheng 编译器因异常或死锁而挂起，进程将无限期阻塞，导致应用层拒绝服务（DoS）。建议为 subprocess.check_output 添加合理的 timeout 值，并捕获 subprocess.TimeoutExpired 异常以进行超时处理。",否,"CUDA 的 CUTLASSCodeCache.compile 使用相同的 subprocess.check_output 参数，同样没有 timeout 且只捕获 CalledProcessError；只有本机编译器自身挂死才会出现该风险，按 CUDA 一致性标准判为非问题。"
ascend_graph_pass.py,pytorch/torch_npu/_inductor/fx_passes/ascend_custom_passes/ascend_graph_pass.py,_replay_view_chain,"[1939,1940]",异常处理,"在 _replay_view_chain 中，except Exception 块直接使用 pass 吞掉所有异常。如果 fake meta 刷新失败，例如 view.target 执行异常或参数解析异常，异常会被静默忽略，导致 new_node.meta['val'] 缺失或状态不一致，后续依赖 fake meta 的优化或校验难以发现失败原因。建议至少记录 warning 日志，或仅捕获预期可忽略的异常，并明确失败后的处理逻辑，避免隐藏错误状态。",否,"异常仅影响新 view 节点的可选 fake meta 刷新，不影响节点创建和运行时语义；new_where 无法重算 meta 时会在第2039-2040行显式回用原 mul.meta['val']，未发现缺失中间 val 的实际失败消费者。"
ascend_graph_pass.py,pytorch/torch_npu/_inductor/fx_passes/ascend_custom_passes/ascend_graph_pass.py,fold_four_op_pass,"[323,331]",类型混淆,"在 div_ops 分支中，代码将 x/1 直接替换为被除数 x。但 torch.div 对整数/布尔张量执行真除法，即使除以 1 也会返回浮点张量；直接用整数被除数替换会改变节点输出 dtype，可能导致后续算子类型不匹配或计算结果错误。建议在折叠前检查 node.meta['val'].dtype 与被除数 dtype 是否一致，或仅对浮点/复数张量执行该折叠；必要时插入 dtype 转换（如 aten.to）以保持原语义。",否,"扫描描述与当前实现不符：第330行调用 get_binary_fold_result；该函数在被除数节点 dtype 与目标 node.meta dtype 不同（第111-122行）时生成 prims.convert_element_type，而不是直接返回原整数节点。因此 div(x,1) 的输出 dtype 会按原节点 meta 保持，当前未证明存在该类型混淆。"
symbolic_shape_util.py,pytorch/torch_npu/_inductor/fx_passes/symbolic_shape_util.py,_shape_env_from_val,"[356]",日志与异常处理,"第356行捕获所有Exception并静默返回None，未记录任何日志。若val.node.shape_env访问过程中发生意外异常，错误状态会被隐藏，可能导致调用方误判shape_env不存在，掩盖真实问题并增加调试难度。建议捕获具体异常类型（如AttributeError），或至少记录warning日志。",否,"当前 v2.10.0 中该文件实际位于 fx_passes/utils/。函数用于可选地从 SymInt 获取 ShapeEnv；无法访问时返回 None 是调用方 get_shape_env 的预期‘未找到’结果（当前第363-370行），未发现异常会造成错误状态传播。记录 traceback 属于诊断增强。"
fx_test.py,pytorch/torch_npu/_inductor/dvm/fx_test.py,generate_dvm_fx_case,"[24,143]",文件权限控制,"os.makedirs 和 open 在创建目录和文件时未显式指定安全权限，默认权限受 umask 影响，可能生成 755/644 等过于宽松的权限，导致其他用户可读甚至可写。建议使用 os.open 指定 0o600/0o700，或设置 umask 为 0027 及以上，以限制访问权限。",否,"该函数仅在 dvm_config.dump_fx_test 显式开启时生成本地回归测试 artifact，默认配置为 False；默认权限受 umask 控制，不能据此推出必然的跨用户可写或敏感数据泄露。"
